Generation,Best,Mean,Std,Min,Max
1,0.1793,0.1349,0.0137,0.0807,0.1793
2,0.1898,0.1409,0.011,0.0905,0.1898
3,0.1898,0.1448,0.0103,0.0953,0.1898
4,0.1898,0.1479,0.0099,0.1002,0.1898
5,0.1907,0.1505,0.0097,0.0945,0.1907
6,0.1915,0.1529,0.0096,0.1059,0.1915
7,0.2021,0.1551,0.0096,0.0994,0.2021
8,0.2021,0.1572,0.0095,0.1035,0.2021
9,0.2021,0.1592,0.0094,0.1027,0.2021
10,0.2021,0.161,0.0094,0.0905,0.2021
11,0.2021,0.1628,0.0095,0.1124,0.2021
12,0.2086,0.1648,0.0095,0.1092,0.2086
13,0.2086,0.1666,0.0097,0.1133,0.2086
14,0.2086,0.1683,0.0098,0.1125,0.2086
15,0.2127,0.17,0.0099,0.1206,0.2127
16,0.2127,0.1716,0.0099,0.1157,0.2127
17,0.2167,0.1733,0.01,0.1222,0.2167
18,0.2167,0.1749,0.0102,0.1206,0.2167
19,0.2233,0.1765,0.0103,0.1214,0.2233
20,0.2233,0.1781,0.0105,0.1165,0.2233
21,0.2257,0.1797,0.0106,0.1271,0.2257
22,0.2257,0.1813,0.0107,0.1247,0.2257
23,0.2257,0.1826,0.0108,0.1173,0.2257
24,0.2265,0.184,0.0109,0.1369,0.2265
25,0.2265,0.1854,0.0111,0.1271,0.2265
26,0.2347,0.1869,0.0113,0.1287,0.2347
27,0.2371,0.1883,0.0114,0.1361,0.2371
28,0.2371,0.1896,0.0115,0.1206,0.2371
29,0.2371,0.191,0.0116,0.132,0.2371
30,0.2371,0.1925,0.0116,0.1393,0.2371
31,0.2371,0.1939,0.0118,0.1369,0.2371
32,0.242,0.1952,0.0118,0.1417,0.242
33,0.242,0.1964,0.0119,0.1353,0.242
34,0.242,0.1978,0.0119,0.1434,0.242
35,0.242,0.1992,0.0119,0.1442,0.242
36,0.2436,0.2007,0.0118,0.1499,0.2436
37,0.2461,0.2021,0.0118,0.1459,0.2461
38,0.2461,0.2034,0.0117,0.1507,0.2461
39,0.2461,0.2047,0.0118,0.1515,0.2461
40,0.2461,0.206,0.0117,0.1532,0.2461
41,0.2461,0.2071,0.0117,0.1523,0.2461
42,0.2477,0.2082,0.0117,0.1475,0.2477
43,0.2509,0.2093,0.0117,0.1515,0.2509
44,0.2509,0.2103,0.0116,0.1507,0.2509
45,0.2559,0.2112,0.0115,0.1507,0.2559
46,0.2559,0.2121,0.0114,0.1556,0.2559
47,0.2559,0.213,0.0114,0.1491,0.2559
48,0.2559,0.2138,0.0114,0.1613,0.2559
49,0.2559,0.2147,0.0113,0.1581,0.2559
50,0.2559,0.2155,0.0114,0.1581,0.2559
51,0.2559,0.2164,0.0113,0.1605,0.2559
52,0.2559,0.2173,0.0112,0.1507,0.2559
53,0.2582,0.2181,0.0112,0.1646,0.2582
54,0.2582,0.2189,0.0111,0.1646,0.2582
55,0.2582,0.2197,0.0112,0.1573,0.2582
56,0.2582,0.2204,0.011,0.1581,0.2582
57,0.2623,0.221,0.0109,0.1719,0.2623
58,0.2623,0.2219,0.0108,0.1581,0.2623
59,0.2623,0.2227,0.0107,0.1727,0.2623
60,0.2623,0.2233,0.0109,0.1654,0.2623
61,0.2623,0.2238,0.0108,0.167,0.2623
62,0.2623,0.2244,0.0108,0.1589,0.2623
63,0.2623,0.2249,0.0107,0.1564,0.2623
64,0.2648,0.2255,0.0106,0.1662,0.2648
65,0.2648,0.2261,0.0106,0.1727,0.2648
66,0.2648,0.2265,0.0105,0.1735,0.2648
67,0.2648,0.2269,0.0106,0.1703,0.2648
68,0.2648,0.2276,0.0104,0.1646,0.2648
69,0.2648,0.228,0.0104,0.1776,0.2648
70,0.2664,0.2286,0.0105,0.1727,0.2664
71,0.2696,0.229,0.0106,0.1719,0.2696
72,0.2696,0.2296,0.0105,0.1703,0.2696
73,0.2696,0.2301,0.0105,0.1548,0.2696
74,0.2696,0.2305,0.0105,0.1735,0.2696
75,0.2696,0.231,0.0105,0.1703,0.2696
76,0.2704,0.2314,0.0105,0.1817,0.2704
77,0.2704,0.2318,0.0106,0.1824,0.2704
78,0.2704,0.2323,0.0106,0.1784,0.2704
79,0.2704,0.2326,0.0106,0.1743,0.2704
80,0.2737,0.2331,0.0106,0.167,0.2737
81,0.2753,0.2335,0.0104,0.1735,0.2753
82,0.2753,0.2338,0.0106,0.1784,0.2753
83,0.2753,0.2342,0.0106,0.1809,0.2753
84,0.2753,0.2346,0.0106,0.1776,0.2753
85,0.2778,0.2349,0.0106,0.1817,0.2778
86,0.2778,0.2354,0.0105,0.1849,0.2778
87,0.2778,0.2358,0.0106,0.1768,0.2778
88,0.2786,0.2364,0.0106,0.1817,0.2786
89,0.2786,0.2368,0.0106,0.1793,0.2786
90,0.2786,0.237,0.0105,0.1824,0.2786
91,0.2786,0.2374,0.0105,0.1727,0.2786
92,0.2786,0.238,0.0105,0.1751,0.2786
93,0.2786,0.2382,0.0105,0.1841,0.2786
94,0.2786,0.2387,0.0105,0.1841,0.2786
95,0.2786,0.2391,0.0106,0.1817,0.2786
96,0.2786,0.2397,0.0106,0.1841,0.2786
97,0.2786,0.2399,0.0108,0.1841,0.2786
98,0.2787,0.2402,0.0108,0.1833,0.2787
99,0.2802,0.2406,0.0107,0.1882,0.2802
100,0.2802,0.2409,0.0108,0.189,0.2802
101,0.2802,0.2412,0.0108,0.1882,0.2802
102,0.2802,0.2416,0.0107,0.1857,0.2802
103,0.2802,0.242,0.0107,0.1891,0.2802
104,0.2859,0.2423,0.0108,0.1858,0.2859
105,0.2859,0.2426,0.0109,0.1784,0.2859
106,0.2859,0.2429,0.0109,0.189,0.2859
107,0.2859,0.2433,0.0109,0.193,0.2859
108,0.2859,0.2437,0.0108,0.1857,0.2859
109,0.2859,0.2438,0.011,0.1849,0.2859
110,0.2859,0.2442,0.0108,0.1866,0.2859
111,0.2859,0.2445,0.0108,0.1833,0.2859
112,0.2859,0.2449,0.0108,0.1809,0.2859
113,0.2859,0.2451,0.0109,0.1996,0.2859
114,0.2859,0.2453,0.0109,0.189,0.2859
115,0.2859,0.2457,0.0109,0.1946,0.2859
116,0.2867,0.2459,0.011,0.1939,0.2867
117,0.2867,0.2463,0.0109,0.1857,0.2867
118,0.2867,0.2466,0.011,0.1866,0.2867
119,0.2867,0.2469,0.0109,0.1963,0.2867
120,0.2867,0.2471,0.011,0.1955,0.2867
121,0.2867,0.2473,0.0111,0.189,0.2867
122,0.2867,0.2476,0.011,0.1923,0.2867
123,0.2867,0.2478,0.0111,0.1923,0.2867
124,0.2867,0.2481,0.011,0.1907,0.2867
125,0.2867,0.2483,0.0113,0.1874,0.2867
126,0.2867,0.2486,0.0112,0.1841,0.2867
127,0.2867,0.2488,0.0112,0.1988,0.2867
128,0.2867,0.249,0.0112,0.1923,0.2867
129,0.2867,0.2493,0.0112,0.1963,0.2867
130,0.29,0.2494,0.0112,0.1915,0.29
131,0.29,0.2496,0.0112,0.1955,0.29
132,0.29,0.2498,0.0112,0.1915,0.29
133,0.29,0.25,0.0113,0.1817,0.29
134,0.29,0.2503,0.0111,0.1971,0.29
135,0.29,0.2505,0.0113,0.1979,0.29
136,0.29,0.2507,0.0111,0.1972,0.29
137,0.29,0.251,0.0112,0.1996,0.29
138,0.294,0.2511,0.0113,0.1955,0.294
139,0.294,0.2514,0.0112,0.1963,0.294
140,0.294,0.2517,0.0112,0.1938,0.294
141,0.294,0.2518,0.0113,0.193,0.294
142,0.2973,0.2521,0.0113,0.2021,0.2973
143,0.2973,0.2522,0.0115,0.1988,0.2973
144,0.2973,0.2523,0.0115,0.1963,0.2973
145,0.2973,0.2525,0.0116,0.1996,0.2973
146,0.2973,0.2527,0.0116,0.2004,0.2973
147,0.2973,0.2529,0.0116,0.1824,0.2973
148,0.2973,0.2531,0.0117,0.1938,0.2973
149,0.2973,0.2533,0.0116,0.1906,0.2973
150,0.2998,0.2536,0.0116,0.1988,0.2998
151,0.2998,0.2536,0.0117,0.1939,0.2998
152,0.2998,0.2538,0.0117,0.2037,0.2998
153,0.2998,0.254,0.0117,0.1971,0.2998
154,0.2998,0.2542,0.0115,0.1979,0.2998
155,0.2998,0.2544,0.0116,0.189,0.2998
156,0.2998,0.2544,0.0117,0.1963,0.2998
157,0.2998,0.2544,0.0117,0.2013,0.2998
158,0.3054,0.2545,0.0118,0.1987,0.3054
159,0.3054,0.2546,0.0118,0.1857,0.3054
160,0.3054,0.2548,0.0117,0.1849,0.3054
161,0.3054,0.255,0.0118,0.2013,0.3054
162,0.3054,0.2551,0.0118,0.1971,0.3054
163,0.3071,0.2553,0.0117,0.198,0.3071
164,0.3071,0.2555,0.0118,0.1988,0.3071
165,0.3071,0.2557,0.0117,0.1996,0.3071
166,0.3079,0.2557,0.0119,0.1963,0.3079
167,0.3079,0.256,0.0117,0.2077,0.3079
168,0.3079,0.2562,0.0119,0.2037,0.3079
169,0.3079,0.2565,0.0118,0.1938,0.3079
170,0.3079,0.2567,0.0118,0.1923,0.3079
171,0.3112,0.2569,0.0119,0.2012,0.3112
172,0.3112,0.2571,0.0119,0.193,0.3112
173,0.3112,0.2574,0.0119,0.1923,0.3112
174,0.3193,0.2575,0.012,0.1979,0.3193
175,0.3193,0.2576,0.012,0.2037,0.3193
176,0.3193,0.2577,0.012,0.1849,0.3193
177,0.3193,0.2578,0.0121,0.2004,0.3193
178,0.3193,0.2579,0.0121,0.2029,0.3193
179,0.3193,0.258,0.0121,0.1996,0.3193
180,0.3193,0.2582,0.0122,0.198,0.3193
181,0.3193,0.2582,0.0122,0.193,0.3193
182,0.3193,0.2582,0.0123,0.1996,0.3193
183,0.3193,0.2583,0.0122,0.1898,0.3193
184,0.3193,0.2585,0.0123,0.1939,0.3193
185,0.3193,0.2587,0.0124,0.1898,0.3193
186,0.3193,0.2588,0.0124,0.2053,0.3193
187,0.3193,0.2589,0.0124,0.198,0.3193
188,0.3193,0.259,0.0123,0.2086,0.3193
189,0.3193,0.259,0.0124,0.2078,0.3193
190,0.3193,0.2591,0.0123,0.2053,0.3193
191,0.3193,0.259,0.0124,0.2069,0.3193
192,0.3193,0.2591,0.0123,0.1907,0.3193
193,0.3193,0.2591,0.0124,0.2077,0.3193
194,0.3193,0.2594,0.0124,0.1963,0.3193
195,0.3193,0.2594,0.0124,0.2061,0.3193
196,0.3193,0.2597,0.0125,0.2044,0.3193
197,0.3193,0.2598,0.0125,0.1971,0.3193
198,0.3193,0.26,0.0124,0.2029,0.3193
199,0.3193,0.2601,0.0124,0.2118,0.3193
200,0.3193,0.2602,0.0125,0.1915,0.3193
201,0.3193,0.2603,0.0124,0.1882,0.3193
202,0.3193,0.2604,0.0125,0.1988,0.3193
203,0.3193,0.2605,0.0123,0.2102,0.3193
204,0.3193,0.2606,0.0122,0.2012,0.3193
205,0.3193,0.2608,0.0123,0.2053,0.3193
206,0.3193,0.2609,0.0123,0.1979,0.3193
207,0.3193,0.261,0.0123,0.2029,0.3193
208,0.3193,0.2612,0.0123,0.2029,0.3193
209,0.3193,0.2611,0.0124,0.2037,0.3193
210,0.3193,0.2613,0.0123,0.2021,0.3193
211,0.3193,0.2614,0.0123,0.2012,0.3193
212,0.3193,0.2615,0.0122,0.2037,0.3193
213,0.3193,0.2615,0.0123,0.2102,0.3193
214,0.3193,0.2615,0.0124,0.2053,0.3193
215,0.3193,0.2617,0.0124,0.193,0.3193
216,0.3193,0.2619,0.0122,0.1996,0.3193
217,0.3193,0.2619,0.0122,0.2102,0.3193
218,0.3193,0.2621,0.012,0.2053,0.3193
219,0.3193,0.2621,0.0123,0.2061,0.3193
220,0.3193,0.2622,0.0122,0.2094,0.3193
221,0.3193,0.2622,0.0122,0.198,0.3193
222,0.3193,0.2624,0.0122,0.1996,0.3193
223,0.3193,0.2625,0.0121,0.2127,0.3193
224,0.3193,0.2626,0.0122,0.2127,0.3193
225,0.3193,0.2627,0.0123,0.1996,0.3193
226,0.3193,0.2627,0.0123,0.1996,0.3193
227,0.3193,0.2629,0.0123,0.2029,0.3193
228,0.3193,0.2631,0.0124,0.2085,0.3193
229,0.3193,0.2631,0.0125,0.1963,0.3193
230,0.3226,0.2632,0.0123,0.2069,0.3226
231,0.3226,0.2633,0.0124,0.2077,0.3226
232,0.3226,0.2632,0.0124,0.2037,0.3226
233,0.3226,0.2633,0.0124,0.1979,0.3226
234,0.3226,0.2634,0.0123,0.2135,0.3226
235,0.3226,0.2635,0.0123,0.215,0.3226
236,0.3226,0.2635,0.0123,0.2069,0.3226
237,0.3226,0.2635,0.0123,0.1938,0.3226
238,0.3226,0.2636,0.0123,0.2061,0.3226
239,0.3226,0.2635,0.0124,0.2086,0.3226
240,0.3226,0.2637,0.0123,0.2044,0.3226
241,0.3226,0.2638,0.0123,0.2069,0.3226
242,0.3226,0.2637,0.0122,0.2102,0.3226
243,0.3226,0.2638,0.0121,0.2021,0.3226
244,0.3226,0.2638,0.0123,0.2029,0.3226
245,0.3226,0.2639,0.0123,0.1971,0.3226
246,0.3226,0.264,0.0123,0.2012,0.3226
247,0.3226,0.2638,0.0125,0.1946,0.3226
248,0.3226,0.2641,0.0123,0.2143,0.3226
249,0.3226,0.2642,0.0123,0.2118,0.3226
250,0.3226,0.2643,0.0124,0.2029,0.3226
251,0.3226,0.2644,0.0124,0.2037,0.3226
252,0.3226,0.2645,0.0122,0.2127,0.3226
253,0.3226,0.2645,0.0124,0.1972,0.3226
254,0.3226,0.2646,0.0123,0.2143,0.3226
255,0.3226,0.2647,0.0123,0.211,0.3226
256,0.3226,0.2646,0.0124,0.2094,0.3226
257,0.3226,0.2647,0.0124,0.2061,0.3226
258,0.3226,0.2648,0.0122,0.2061,0.3226
259,0.3226,0.2648,0.0123,0.2029,0.3226
260,0.3226,0.2649,0.0122,0.2085,0.3226
261,0.3226,0.2649,0.0124,0.2021,0.3226
262,0.3226,0.265,0.0124,0.2069,0.3226
263,0.3226,0.2651,0.0123,0.2077,0.3226
264,0.3226,0.2651,0.0122,0.211,0.3226
265,0.3226,0.2652,0.0121,0.2044,0.3226
266,0.3226,0.2652,0.0121,0.2061,0.3226
267,0.3226,0.2652,0.0122,0.1938,0.3226
268,0.3226,0.2653,0.0121,0.2069,0.3226
269,0.3226,0.2653,0.0121,0.2102,0.3226
270,0.3226,0.2653,0.0121,0.2102,0.3226
271,0.3226,0.2653,0.0122,0.2094,0.3226
272,0.3226,0.2654,0.0122,0.2029,0.3226
273,0.3226,0.2654,0.0123,0.2037,0.3226
274,0.3226,0.2656,0.0122,0.2093,0.3226
275,0.3226,0.2657,0.0121,0.2061,0.3226
276,0.3226,0.2658,0.0122,0.1923,0.3226
277,0.3226,0.266,0.0122,0.2143,0.3226
278,0.3226,0.266,0.0123,0.2085,0.3226
279,0.3226,0.2661,0.0122,0.2053,0.3226
280,0.3226,0.266,0.0122,0.2135,0.3226
281,0.3226,0.2661,0.0122,0.2094,0.3226
282,0.3226,0.2661,0.0122,0.2053,0.3226
283,0.3226,0.2661,0.0122,0.2037,0.3226
284,0.3226,0.2661,0.0123,0.2069,0.3226
285,0.3226,0.2661,0.0123,0.2119,0.3226
286,0.3226,0.2662,0.0122,0.2085,0.3226
287,0.3226,0.2664,0.0123,0.1865,0.3226
288,0.3226,0.2665,0.0123,0.2069,0.3226
289,0.3226,0.2666,0.0124,0.193,0.3226
290,0.3226,0.2667,0.0122,0.2102,0.3226
291,0.3226,0.2667,0.0123,0.2044,0.3226
292,0.3258,0.2668,0.0124,0.2135,0.3258
293,0.3258,0.2669,0.0124,0.2004,0.3258
294,0.3258,0.2671,0.0124,0.1963,0.3258
295,0.3258,0.2673,0.0124,0.2029,0.3258
296,0.3258,0.2672,0.0124,0.2085,0.3258
297,0.3258,0.2673,0.0124,0.2158,0.3258
298,0.3258,0.2672,0.0125,0.2135,0.3258
299,0.3258,0.2672,0.0124,0.2166,0.3258
300,0.3258,0.2671,0.0124,0.2102,0.3258
301,0.3258,0.2671,0.0124,0.2094,0.3258
302,0.3258,0.2671,0.0125,0.2118,0.3258
303,0.3258,0.2671,0.0126,0.2102,0.3258
304,0.3258,0.2672,0.0124,0.211,0.3258
305,0.3258,0.2673,0.0123,0.2093,0.3258
306,0.3258,0.2673,0.0123,0.2094,0.3258
307,0.3258,0.2673,0.0123,0.215,0.3258
308,0.3258,0.2673,0.0123,0.2126,0.3258
309,0.3258,0.2673,0.0122,0.2127,0.3258
310,0.3258,0.2673,0.0122,0.2102,0.3258
311,0.3258,0.2675,0.0123,0.215,0.3258
312,0.3258,0.2675,0.0122,0.2135,0.3258
313,0.3258,0.2673,0.0125,0.2045,0.3258
314,0.3258,0.2674,0.0123,0.2135,0.3258
315,0.3258,0.2676,0.0123,0.2037,0.3258
316,0.3258,0.2676,0.0124,0.2077,0.3258
317,0.3258,0.2677,0.0123,0.2037,0.3258
318,0.3258,0.2676,0.0126,0.1996,0.3258
319,0.3258,0.2677,0.0124,0.2045,0.3258
320,0.3258,0.2678,0.0124,0.2012,0.3258
321,0.3258,0.2677,0.0124,0.215,0.3258
322,0.3258,0.2677,0.0123,0.2061,0.3258
323,0.3258,0.2677,0.0124,0.2183,0.3258
324,0.3258,0.2677,0.0125,0.2127,0.3258
325,0.3258,0.2678,0.0123,0.1947,0.3258
326,0.3258,0.2677,0.0125,0.2102,0.3258
327,0.3258,0.2678,0.0125,0.2052,0.3258
328,0.3258,0.2679,0.0125,0.2053,0.3258
329,0.3258,0.2679,0.0125,0.2077,0.3258
330,0.3258,0.2679,0.0125,0.2037,0.3258
331,0.3258,0.2679,0.0125,0.2119,0.3258
332,0.3258,0.268,0.0125,0.2158,0.3258
333,0.3258,0.268,0.0124,0.2118,0.3258
334,0.3258,0.2678,0.0125,0.2102,0.3258
335,0.3258,0.2678,0.0125,0.2021,0.3258
336,0.3258,0.2677,0.0125,0.2086,0.3258
337,0.3258,0.2679,0.0123,0.2143,0.3258
338,0.3258,0.2677,0.0125,0.2118,0.3258
339,0.3258,0.2678,0.0124,0.2167,0.3258
340,0.3258,0.2678,0.0124,0.2135,0.3258
341,0.3258,0.2679,0.0124,0.2094,0.3258
342,0.3258,0.268,0.0124,0.2029,0.3258
343,0.3258,0.268,0.0125,0.2118,0.3258
344,0.3258,0.2682,0.0125,0.2061,0.3258
345,0.3258,0.2682,0.0126,0.2077,0.3258
346,0.3258,0.2682,0.0124,0.2069,0.3258
347,0.3258,0.2683,0.0124,0.2069,0.3258
348,0.3258,0.2684,0.0123,0.2135,0.3258
349,0.3258,0.2683,0.0124,0.211,0.3258
350,0.3258,0.2683,0.0125,0.2111,0.3258
351,0.3258,0.2685,0.0125,0.2102,0.3258
352,0.3258,0.2685,0.0126,0.1955,0.3258
353,0.3258,0.2686,0.0125,0.1882,0.3258
354,0.3258,0.2687,0.0124,0.2118,0.3258
355,0.3258,0.2687,0.0125,0.211,0.3258
356,0.3258,0.2686,0.0124,0.2143,0.3258
357,0.3258,0.2687,0.0124,0.2021,0.3258
358,0.3258,0.2686,0.0124,0.2127,0.3258
359,0.3258,0.2687,0.0124,0.2126,0.3258
360,0.3258,0.2687,0.0123,0.2094,0.3258
361,0.3258,0.2685,0.0124,0.2061,0.3258
362,0.3258,0.2686,0.0125,0.2077,0.3258
363,0.3258,0.2685,0.0125,0.2135,0.3258
364,0.3258,0.2685,0.0126,0.2069,0.3258
365,0.3258,0.2687,0.0124,0.2021,0.3258
366,0.3258,0.2687,0.0125,0.211,0.3258
367,0.3258,0.2687,0.0125,0.2127,0.3258
368,0.3258,0.2687,0.0124,0.2085,0.3258
369,0.3258,0.2688,0.0124,0.198,0.3258
370,0.3258,0.2687,0.0123,0.2208,0.3258
371,0.3258,0.2688,0.0124,0.2143,0.3258
372,0.3258,0.2688,0.0125,0.2143,0.3258
373,0.3258,0.2688,0.0124,0.211,0.3258
374,0.3258,0.2689,0.0124,0.2167,0.3258
375,0.3258,0.2689,0.0126,0.2012,0.3258
376,0.3258,0.2689,0.0125,0.2183,0.3258
377,0.3258,0.2689,0.0126,0.2118,0.3258
378,0.3258,0.269,0.0126,0.2077,0.3258
379,0.3258,0.269,0.0127,0.211,0.3258
380,0.3258,0.2691,0.0127,0.2102,0.3258
381,0.3258,0.2692,0.0125,0.2101,0.3258
382,0.3258,0.2693,0.0126,0.2127,0.3258
383,0.3258,0.2693,0.0126,0.211,0.3258
384,0.3258,0.2694,0.0125,0.2069,0.3258
385,0.3258,0.2695,0.0125,0.2191,0.3258
386,0.3258,0.2694,0.0124,0.2126,0.3258
387,0.3258,0.2693,0.0125,0.2135,0.3258
388,0.3258,0.2692,0.0124,0.2061,0.3258
389,0.3258,0.2692,0.0124,0.2029,0.3258
390,0.3258,0.2692,0.0124,0.2077,0.3258
391,0.3258,0.2692,0.0124,0.2118,0.3258
392,0.3258,0.2692,0.0123,0.2183,0.3258
393,0.3258,0.2691,0.0123,0.215,0.3258
394,0.3258,0.2692,0.0125,0.2143,0.3258
395,0.3258,0.2692,0.0124,0.2004,0.3258
396,0.3258,0.2692,0.0124,0.2135,0.3258
397,0.3258,0.2694,0.0124,0.2158,0.3258
398,0.3258,0.2693,0.0125,0.2167,0.3258
399,0.3258,0.2695,0.0124,0.2143,0.3258
400,0.3258,0.2696,0.0125,0.2167,0.3258
401,0.3258,0.2695,0.0126,0.2143,0.3258
402,0.3258,0.2696,0.0126,0.2135,0.3258
403,0.3258,0.2696,0.0125,0.2175,0.3258
404,0.3258,0.2697,0.0125,0.2175,0.3258
405,0.3258,0.2696,0.0127,0.2143,0.3258
406,0.3258,0.2696,0.0127,0.2127,0.3258
407,0.3258,0.2696,0.0127,0.2061,0.3258
408,0.3258,0.2696,0.0126,0.2183,0.3258
409,0.3258,0.2695,0.0126,0.2216,0.3258
410,0.3258,0.2695,0.0128,0.2085,0.3258
411,0.3258,0.2695,0.0128,0.1963,0.3258
412,0.3258,0.2696,0.0127,0.2175,0.3258
413,0.3258,0.2697,0.0127,0.2183,0.3258
414,0.3258,0.2696,0.0126,0.2085,0.3258
415,0.3258,0.2697,0.0126,0.2143,0.3258
416,0.3258,0.2698,0.0126,0.2044,0.3258
417,0.3258,0.2696,0.0127,0.2061,0.3258
418,0.3258,0.2696,0.0127,0.2094,0.3258
419,0.3258,0.2697,0.0127,0.2143,0.3258
420,0.3258,0.2697,0.0127,0.2021,0.3258
421,0.3258,0.2699,0.0128,0.2135,0.3258
422,0.3258,0.2699,0.0128,0.2135,0.3258
423,0.3258,0.27,0.0128,0.2158,0.3258
424,0.3258,0.27,0.0129,0.2052,0.3258
425,0.3258,0.27,0.013,0.2094,0.3258
426,0.3258,0.27,0.0129,0.2143,0.3258
427,0.3258,0.27,0.0129,0.2044,0.3258
428,0.3258,0.27,0.0128,0.2143,0.3258
429,0.3258,0.2701,0.0128,0.211,0.3258
430,0.3258,0.2702,0.013,0.2143,0.3258
431,0.3258,0.2704,0.0128,0.211,0.3258
432,0.3258,0.2703,0.0129,0.211,0.3258
433,0.3258,0.2704,0.0128,0.2183,0.3258
434,0.3258,0.2704,0.0129,0.2061,0.3258
435,0.3258,0.2705,0.0129,0.2069,0.3258
436,0.3258,0.2705,0.0129,0.2069,0.3258
437,0.3258,0.2705,0.0129,0.2086,0.3258
438,0.3258,0.2704,0.013,0.2069,0.3258
439,0.3258,0.2707,0.0128,0.2224,0.3258
440,0.3258,0.2707,0.0129,0.2012,0.3258
441,0.3258,0.2706,0.0129,0.2135,0.3258
442,0.3258,0.2707,0.0129,0.2061,0.3258
443,0.3258,0.2707,0.0129,0.2135,0.3258
444,0.3258,0.2709,0.013,0.2135,0.3258
445,0.3258,0.2711,0.0128,0.2191,0.3258
446,0.3258,0.2711,0.0128,0.2135,0.3258
447,0.3258,0.271,0.0128,0.211,0.3258
448,0.3258,0.2712,0.0127,0.2069,0.3258
449,0.3258,0.2711,0.0128,0.2086,0.3258
450,0.3258,0.2711,0.0129,0.2118,0.3258
451,0.3258,0.2712,0.0128,0.2183,0.3258
452,0.3258,0.2714,0.0127,0.2077,0.3258
453,0.3258,0.2713,0.0129,0.2061,0.3258
454,0.3258,0.2714,0.0129,0.2175,0.3258
455,0.3258,0.2714,0.0129,0.2208,0.3258
456,0.3258,0.2714,0.013,0.215,0.3258
457,0.3258,0.2713,0.0129,0.2191,0.3258
458,0.3258,0.2714,0.013,0.2135,0.3258
459,0.3258,0.2714,0.0129,0.215,0.3258
460,0.3258,0.2713,0.013,0.2184,0.3258
461,0.3258,0.2713,0.013,0.211,0.3258
462,0.3258,0.2714,0.0129,0.2102,0.3258
463,0.3258,0.2716,0.013,0.2175,0.3258
464,0.3258,0.2714,0.013,0.2119,0.3258
465,0.3258,0.2715,0.013,0.2135,0.3258
466,0.3258,0.2714,0.013,0.22,0.3258
467,0.3258,0.2714,0.0129,0.2037,0.3258
468,0.3258,0.2713,0.013,0.2044,0.3258
469,0.3258,0.2714,0.013,0.2183,0.3258
470,0.3258,0.2715,0.0128,0.2216,0.3258
471,0.3258,0.2715,0.0128,0.2118,0.3258
472,0.3258,0.2715,0.0129,0.2183,0.3258
473,0.3258,0.2716,0.0129,0.2183,0.3258
474,0.3258,0.2715,0.0128,0.2143,0.3258
475,0.3258,0.2716,0.0128,0.2119,0.3258
476,0.3258,0.2715,0.0128,0.2044,0.3258
477,0.3258,0.2715,0.0129,0.2061,0.3258
478,0.3258,0.2716,0.0129,0.2167,0.3258
479,0.3258,0.2715,0.0129,0.2052,0.3258
480,0.3258,0.2716,0.0129,0.2127,0.3258
481,0.3258,0.2716,0.0128,0.2232,0.3258
482,0.3258,0.2717,0.0129,0.2053,0.3258
483,0.3258,0.2718,0.0129,0.2167,0.3258
484,0.3258,0.2718,0.013,0.2061,0.3258
485,0.3258,0.2719,0.0129,0.2004,0.3258
486,0.3258,0.2719,0.0129,0.2085,0.3258
487,0.3258,0.2719,0.0129,0.215,0.3258
488,0.3258,0.2719,0.0128,0.2102,0.3258
489,0.3258,0.2718,0.0129,0.2135,0.3258
490,0.3258,0.2718,0.0128,0.2069,0.3258
491,0.3258,0.2718,0.0129,0.2167,0.3258
492,0.3258,0.2718,0.0128,0.2208,0.3258
493,0.3258,0.2718,0.0127,0.2175,0.3258
494,0.3258,0.2718,0.0128,0.2102,0.3258
495,0.3258,0.2719,0.0128,0.2086,0.3258
496,0.3258,0.2719,0.0128,0.2175,0.3258
497,0.3258,0.2718,0.0129,0.2175,0.3258
498,0.3258,0.272,0.0128,0.2175,0.3258
499,0.3258,0.2721,0.0128,0.2127,0.3258
500,0.3258,0.2719,0.0128,0.2208,0.3258
501,0.3258,0.2719,0.0127,0.2224,0.3258
502,0.3258,0.272,0.0128,0.211,0.3258
503,0.3258,0.272,0.0128,0.211,0.3258
504,0.3258,0.2722,0.0128,0.215,0.3258
505,0.3258,0.2722,0.0127,0.2135,0.3258
506,0.3258,0.2722,0.0129,0.2143,0.3258
507,0.3258,0.2723,0.0127,0.2167,0.3258
508,0.3258,0.2722,0.0128,0.2192,0.3258
509,0.3258,0.2722,0.0127,0.215,0.3258
510,0.3258,0.2722,0.0126,0.2167,0.3258
511,0.3258,0.2721,0.0127,0.2175,0.3258
512,0.3258,0.272,0.013,0.2118,0.3258
513,0.3258,0.272,0.0129,0.215,0.3258
514,0.3258,0.2719,0.0128,0.211,0.3258
515,0.3258,0.2718,0.0127,0.2045,0.3258
516,0.3258,0.2718,0.0127,0.202,0.3258
517,0.3258,0.2718,0.0127,0.2118,0.3258
518,0.3258,0.2717,0.0129,0.2118,0.3258
519,0.3258,0.2718,0.0128,0.215,0.3258
520,0.3258,0.2719,0.0127,0.2077,0.3258
521,0.3258,0.2718,0.0127,0.2183,0.3258
522,0.3258,0.2719,0.0127,0.215,0.3258
523,0.3258,0.2719,0.0126,0.2175,0.3258
524,0.3258,0.2719,0.0126,0.2183,0.3258
525,0.3258,0.2718,0.0128,0.2143,0.3258
526,0.3258,0.2719,0.0128,0.2037,0.3258
527,0.3258,0.2719,0.0128,0.2118,0.3258
528,0.3258,0.2719,0.0127,0.2135,0.3258
529,0.3258,0.2718,0.0128,0.2119,0.3258
530,0.3258,0.2718,0.0128,0.2085,0.3258
531,0.3258,0.2718,0.0128,0.2012,0.3258
532,0.3258,0.2718,0.0128,0.2061,0.3258
533,0.3258,0.2718,0.0128,0.2102,0.3258
534,0.3258,0.2719,0.0127,0.2199,0.3258
535,0.3258,0.2718,0.0129,0.2143,0.3258
536,0.3258,0.272,0.0128,0.211,0.3258
537,0.3258,0.2719,0.0129,0.2061,0.3258
538,0.3258,0.2721,0.0128,0.2183,0.3258
539,0.3258,0.272,0.0129,0.211,0.3258
540,0.3258,0.272,0.0129,0.2127,0.3258
541,0.3258,0.272,0.0129,0.2143,0.3258
542,0.3258,0.2721,0.0128,0.2167,0.3258
543,0.3258,0.2721,0.0128,0.2175,0.3258
544,0.3258,0.2719,0.0129,0.2167,0.3258
545,0.3258,0.272,0.0127,0.2175,0.3258
546,0.3258,0.2719,0.0128,0.2127,0.3258
547,0.3258,0.272,0.0127,0.2118,0.3258
548,0.3258,0.2719,0.0127,0.202,0.3258
549,0.3258,0.2718,0.0127,0.2167,0.3258
550,0.3258,0.2718,0.0128,0.2094,0.3258
551,0.3258,0.2719,0.0127,0.2118,0.3258
552,0.3258,0.2719,0.0128,0.2159,0.3258
553,0.3258,0.272,0.0128,0.2224,0.3258
554,0.3258,0.272,0.0128,0.2143,0.3258
555,0.3258,0.272,0.0127,0.2175,0.3258
556,0.3258,0.2721,0.0128,0.215,0.3258
557,0.3258,0.2721,0.0129,0.2158,0.3258
558,0.3258,0.2721,0.0128,0.2118,0.3258
559,0.3258,0.2719,0.0129,0.215,0.3258
560,0.3258,0.2721,0.0129,0.2021,0.3258
561,0.3258,0.2721,0.0128,0.2077,0.3258
562,0.3258,0.2721,0.013,0.2167,0.3258
563,0.3258,0.2721,0.013,0.2102,0.3258
564,0.3258,0.272,0.0131,0.2004,0.3258
565,0.3258,0.2719,0.013,0.211,0.3258
566,0.3258,0.2719,0.0129,0.2191,0.3258
567,0.3258,0.272,0.0129,0.2053,0.3258
568,0.3258,0.2719,0.0129,0.2044,0.3258
569,0.3258,0.2719,0.013,0.2102,0.3258
570,0.3258,0.2719,0.0129,0.2127,0.3258
571,0.3258,0.272,0.0128,0.2216,0.3258
572,0.3258,0.2721,0.0128,0.2077,0.3258
573,0.3258,0.2721,0.0129,0.215,0.3258
574,0.3258,0.272,0.0128,0.2118,0.3258
575,0.3258,0.2723,0.0128,0.2175,0.3258
576,0.3258,0.2722,0.0129,0.2127,0.3258
577,0.3258,0.2725,0.0128,0.211,0.3258
578,0.3258,0.2724,0.0128,0.2118,0.3258
579,0.3258,0.2725,0.0129,0.2175,0.3258
580,0.3258,0.2726,0.0127,0.215,0.3258
581,0.3258,0.2726,0.0127,0.2077,0.3258
582,0.3258,0.2726,0.0127,0.2208,0.3258
583,0.3258,0.2726,0.0126,0.2102,0.3258
584,0.3258,0.2725,0.0128,0.2167,0.3258
585,0.3258,0.2725,0.0127,0.2143,0.3258
586,0.3258,0.2726,0.0127,0.2069,0.3258
587,0.3258,0.2726,0.0128,0.2102,0.3258
588,0.3258,0.2726,0.0128,0.2119,0.3258
589,0.3258,0.2726,0.0128,0.2118,0.3258
590,0.3258,0.2727,0.0128,0.1996,0.3258
591,0.3258,0.2727,0.0128,0.2044,0.3258
592,0.3258,0.2726,0.0129,0.2175,0.3258
593,0.3258,0.2727,0.0127,0.2101,0.3258
594,0.3258,0.2727,0.0126,0.2127,0.3258
595,0.3258,0.2726,0.0127,0.2102,0.3258
596,0.3258,0.2726,0.0127,0.215,0.3258
597,0.3258,0.2725,0.0128,0.2143,0.3258
598,0.3258,0.2725,0.0128,0.2135,0.3258
599,0.3258,0.2726,0.0129,0.2167,0.3258
600,0.3258,0.2725,0.0127,0.2069,0.3258
601,0.3258,0.2726,0.0128,0.211,0.3258
602,0.3258,0.2727,0.0128,0.211,0.3258
603,0.3258,0.2727,0.0128,0.2158,0.3258
604,0.3258,0.2727,0.0129,0.215,0.3258
605,0.3258,0.2727,0.0129,0.2143,0.3258
606,0.3258,0.2726,0.0129,0.211,0.3258
607,0.3258,0.2728,0.0128,0.2224,0.3258
608,0.3258,0.2728,0.0129,0.215,0.3258
609,0.3258,0.2728,0.0129,0.2175,0.3258
610,0.3258,0.2729,0.0129,0.2208,0.3258
611,0.3258,0.2728,0.013,0.2061,0.3258
612,0.3258,0.2729,0.0129,0.2159,0.3258
613,0.3258,0.273,0.0129,0.211,0.3258
614,0.3258,0.2729,0.0129,0.2158,0.3258
615,0.3258,0.273,0.0129,0.2167,0.3258
616,0.3258,0.273,0.013,0.2037,0.3258
617,0.3258,0.2731,0.0129,0.215,0.3258
618,0.3258,0.2731,0.0129,0.2175,0.3258
619,0.3258,0.2731,0.0128,0.2134,0.3258
620,0.3258,0.2731,0.0129,0.211,0.3258
621,0.3258,0.2731,0.0128,0.2208,0.3258
622,0.3258,0.2732,0.0128,0.2199,0.3258
623,0.3258,0.2732,0.0128,0.2167,0.3258
624,0.3258,0.2731,0.0129,0.2077,0.3258
625,0.3258,0.2731,0.0129,0.2086,0.3258
626,0.3258,0.2731,0.013,0.2077,0.3258
627,0.3258,0.2732,0.013,0.2143,0.3258
628,0.3258,0.2733,0.0129,0.2093,0.3258
629,0.3258,0.2734,0.013,0.2158,0.3258
630,0.3258,0.2734,0.0131,0.2143,0.3258
631,0.3258,0.2733,0.013,0.2191,0.3258
632,0.3258,0.2733,0.0129,0.2224,0.3258
633,0.3258,0.2732,0.013,0.2094,0.3258
634,0.3258,0.2733,0.0129,0.211,0.3258
635,0.3258,0.2734,0.0128,0.2175,0.3258
636,0.3258,0.2734,0.0128,0.2126,0.3258
637,0.3258,0.2732,0.0128,0.215,0.3258
638,0.3258,0.2734,0.0126,0.22,0.3258
639,0.3258,0.2735,0.0127,0.2094,0.3258
640,0.3258,0.2734,0.0126,0.2044,0.3258
641,0.3258,0.2734,0.0127,0.22,0.3258
642,0.3258,0.2734,0.0127,0.2175,0.3258
643,0.3258,0.2735,0.0127,0.2069,0.3258
644,0.3258,0.2736,0.0127,0.215,0.3258
645,0.3258,0.2736,0.0127,0.2093,0.3258
646,0.3258,0.2736,0.0126,0.2102,0.3258
647,0.3258,0.2737,0.0127,0.2166,0.3258
648,0.3258,0.2736,0.0127,0.2118,0.3258
649,0.3258,0.2737,0.0126,0.2175,0.3258
650,0.3258,0.2738,0.0127,0.2191,0.3258
651,0.3258,0.2737,0.0128,0.22,0.3258
652,0.3258,0.2737,0.0128,0.2085,0.3258
653,0.3258,0.2738,0.0127,0.2175,0.3258
654,0.3258,0.2737,0.0128,0.2158,0.3258
655,0.3258,0.2738,0.0129,0.2085,0.3258
656,0.3258,0.2739,0.0128,0.2109,0.3258
657,0.3258,0.2737,0.0128,0.2158,0.3258
658,0.3258,0.2737,0.0129,0.215,0.3258
659,0.3258,0.2736,0.0128,0.2159,0.3258
660,0.3258,0.2736,0.0129,0.2143,0.3258
661,0.3258,0.2737,0.0131,0.1938,0.3258
662,0.3258,0.2737,0.0131,0.2143,0.3258
663,0.3258,0.2737,0.0131,0.2174,0.3258
664,0.3258,0.2738,0.013,0.2175,0.3258
665,0.3258,0.2738,0.0131,0.2127,0.3258
666,0.3258,0.2739,0.0131,0.2191,0.3258
667,0.3258,0.274,0.0131,0.2061,0.3258
668,0.3258,0.274,0.013,0.2166,0.3258
669,0.3258,0.2739,0.0131,0.215,0.3258
670,0.3258,0.274,0.0131,0.215,0.3258
671,0.3258,0.2738,0.0132,0.2224,0.3258
672,0.3258,0.2738,0.0133,0.2004,0.3258
673,0.3258,0.2738,0.0133,0.2102,0.3258
674,0.3258,0.2739,0.0131,0.2135,0.3258
675,0.3258,0.2738,0.0133,0.2094,0.3258
676,0.3258,0.2739,0.0132,0.2094,0.3258
677,0.3258,0.2738,0.0134,0.2175,0.3258
678,0.3258,0.2737,0.0132,0.215,0.3258
679,0.3258,0.2737,0.0133,0.211,0.3258
680,0.3258,0.2737,0.0134,0.2119,0.3258
681,0.3258,0.2739,0.0132,0.2135,0.3258
682,0.3258,0.2738,0.0132,0.2216,0.3258
683,0.3258,0.2739,0.0132,0.2183,0.3258
684,0.3258,0.2738,0.0133,0.206,0.3258
685,0.3258,0.2738,0.0131,0.2175,0.3258
686,0.3258,0.2739,0.0132,0.2191,0.3258
687,0.3258,0.2739,0.0132,0.2158,0.3258
688,0.3258,0.2741,0.013,0.2077,0.3258
689,0.3258,0.274,0.0132,0.2077,0.3258
690,0.3258,0.2739,0.0132,0.2052,0.3258
691,0.3258,0.274,0.0131,0.2077,0.3258
692,0.3258,0.2741,0.0132,0.2158,0.3258
693,0.3258,0.2742,0.0131,0.2118,0.3258
694,0.3258,0.2742,0.0131,0.2143,0.3258
695,0.3258,0.2743,0.013,0.2158,0.3258
696,0.3258,0.2743,0.013,0.2158,0.3258
697,0.3258,0.2743,0.013,0.2143,0.3258
698,0.3258,0.2742,0.013,0.2102,0.3258
699,0.3258,0.2742,0.013,0.2175,0.3258
700,0.3258,0.2743,0.013,0.2143,0.3258
701,0.3258,0.2744,0.013,0.2216,0.3258
702,0.3258,0.2744,0.013,0.2158,0.3258
703,0.3258,0.2744,0.013,0.2012,0.3258
704,0.3258,0.2745,0.013,0.215,0.3258
705,0.3258,0.2744,0.013,0.2183,0.3258
706,0.3258,0.2745,0.013,0.2208,0.3258
707,0.3258,0.2746,0.0129,0.2224,0.3258
708,0.3258,0.2746,0.0131,0.2102,0.3258
709,0.3258,0.2745,0.013,0.2143,0.3258
710,0.3258,0.2747,0.013,0.2077,0.3258
711,0.3266,0.2747,0.013,0.219,0.3266
712,0.3266,0.2747,0.0129,0.2086,0.3266
713,0.3266,0.2746,0.013,0.2118,0.3266
714,0.3266,0.2745,0.013,0.2183,0.3266
715,0.3266,0.2745,0.013,0.215,0.3266
716,0.3266,0.2744,0.013,0.2216,0.3266
717,0.3266,0.2744,0.0129,0.2143,0.3266
718,0.3266,0.2744,0.0129,0.2126,0.3266
719,0.3266,0.2744,0.0129,0.2208,0.3266
720,0.3266,0.2744,0.0129,0.2135,0.3266
721,0.3266,0.2743,0.0131,0.2216,0.3266
722,0.3266,0.2746,0.0129,0.2183,0.3266
723,0.3266,0.2745,0.013,0.2175,0.3266
724,0.3266,0.2746,0.013,0.2037,0.3266
725,0.3266,0.2745,0.013,0.2208,0.3266
726,0.3266,0.2745,0.013,0.2085,0.3266
727,0.3266,0.2743,0.0131,0.2158,0.3266
728,0.3266,0.2745,0.0132,0.2142,0.3266
729,0.3266,0.2746,0.0131,0.2175,0.3266
730,0.3266,0.2745,0.0131,0.2175,0.3266
731,0.3266,0.2745,0.0132,0.211,0.3266
732,0.3266,0.2745,0.0132,0.2135,0.3266
733,0.3266,0.2746,0.0132,0.2208,0.3266
734,0.3266,0.2747,0.0131,0.2135,0.3266
735,0.3266,0.2747,0.013,0.22,0.3266
736,0.3266,0.2748,0.013,0.2175,0.3266
737,0.3266,0.2747,0.0132,0.2166,0.3266
738,0.3266,0.2747,0.0131,0.2102,0.3266
739,0.3266,0.2749,0.013,0.2118,0.3266
740,0.3266,0.2749,0.013,0.2216,0.3266
741,0.3266,0.2749,0.0131,0.2192,0.3266
742,0.3266,0.2749,0.0131,0.2199,0.3266
743,0.3266,0.2749,0.013,0.2175,0.3266
744,0.3266,0.2748,0.013,0.2143,0.3266
745,0.3266,0.2749,0.0131,0.211,0.3266
746,0.3266,0.2749,0.0131,0.2135,0.3266
747,0.3266,0.275,0.013,0.2175,0.3266
748,0.3266,0.2751,0.0129,0.215,0.3266
749,0.3266,0.2751,0.013,0.2069,0.3266
750,0.3266,0.2751,0.0131,0.2126,0.3266
751,0.3266,0.2751,0.0131,0.2183,0.3266
752,0.3266,0.275,0.0132,0.2183,0.3266
753,0.3266,0.2751,0.0132,0.2199,0.3266
754,0.3266,0.2751,0.0131,0.2143,0.3266
755,0.3266,0.2751,0.0131,0.2208,0.3266
756,0.3266,0.2751,0.0132,0.2037,0.3266
757,0.3266,0.2751,0.0132,0.2093,0.3266
758,0.3266,0.2752,0.0131,0.2118,0.3266
759,0.3266,0.2751,0.0132,0.2167,0.3266
760,0.3266,0.2751,0.0131,0.2191,0.3266
761,0.3266,0.2753,0.013,0.2143,0.3266
762,0.3266,0.2752,0.0131,0.2135,0.3266
763,0.3266,0.2752,0.013,0.2183,0.3266
764,0.3266,0.2751,0.0131,0.2175,0.3266
765,0.3266,0.2753,0.013,0.2191,0.3266
766,0.3266,0.2752,0.0132,0.2159,0.3266
767,0.3266,0.2753,0.013,0.211,0.3266
768,0.3266,0.2753,0.0131,0.2143,0.3266
769,0.3266,0.2754,0.0131,0.2012,0.3266
770,0.3266,0.2754,0.0131,0.2143,0.3266
771,0.3266,0.2754,0.0131,0.2061,0.3266
772,0.3266,0.2755,0.0131,0.2183,0.3266
773,0.3266,0.2755,0.0131,0.2191,0.3266
774,0.3266,0.2754,0.013,0.2166,0.3266
775,0.3266,0.2755,0.0131,0.2158,0.3266
776,0.3266,0.2754,0.0131,0.2159,0.3266
777,0.3266,0.2755,0.013,0.2118,0.3266
778,0.3266,0.2755,0.0132,0.2208,0.3266
779,0.3266,0.2755,0.0131,0.2199,0.3266
780,0.3266,0.2755,0.0131,0.2044,0.3266
781,0.3266,0.2754,0.0132,0.2158,0.3266
782,0.3266,0.2754,0.0132,0.215,0.3266
783,0.3266,0.2754,0.0131,0.2175,0.3266
784,0.3266,0.2755,0.0131,0.2191,0.3266
785,0.3266,0.2754,0.0132,0.2158,0.3266
786,0.3266,0.2755,0.0131,0.2061,0.3266
787,0.3266,0.2756,0.0131,0.215,0.3266
788,0.3266,0.2755,0.0131,0.22,0.3266
789,0.3266,0.2755,0.0131,0.215,0.3266
790,0.3266,0.2755,0.0131,0.2249,0.3266
791,0.3266,0.2755,0.0131,0.215,0.3266
792,0.3266,0.2755,0.0132,0.2175,0.3266
793,0.3266,0.2755,0.0134,0.215,0.3266
794,0.3266,0.2756,0.0132,0.206,0.3266
795,0.3266,0.2757,0.0132,0.2182,0.3266
796,0.3266,0.2757,0.0132,0.2224,0.3266
797,0.3266,0.2756,0.0132,0.2175,0.3266
798,0.3266,0.2755,0.0133,0.2191,0.3266
799,0.3266,0.2755,0.0133,0.2167,0.3266
800,0.3266,0.2756,0.0131,0.2093,0.3266
801,0.3266,0.2757,0.0131,0.2175,0.3266
802,0.3266,0.2758,0.0131,0.2207,0.3266
803,0.3266,0.2757,0.0132,0.215,0.3266
804,0.3266,0.2756,0.0133,0.2183,0.3266
805,0.3266,0.2756,0.0133,0.2134,0.3266
806,0.3266,0.2756,0.0133,0.2191,0.3266
807,0.3266,0.2756,0.0133,0.2135,0.3266
808,0.3266,0.2755,0.0132,0.2175,0.3266
809,0.3266,0.2754,0.0132,0.2077,0.3266
810,0.3266,0.2753,0.0135,0.2013,0.3266
811,0.3266,0.2754,0.0132,0.2037,0.3266
812,0.3266,0.2755,0.0132,0.2175,0.3266
813,0.3266,0.2755,0.0131,0.2183,0.3266
814,0.3266,0.2755,0.0132,0.2167,0.3266
815,0.3266,0.2756,0.0131,0.2175,0.3266
816,0.3266,0.2755,0.0131,0.2135,0.3266
817,0.3266,0.2754,0.0131,0.2167,0.3266
818,0.3266,0.2753,0.013,0.2085,0.3266
819,0.3266,0.2754,0.0129,0.22,0.3266
820,0.3266,0.2753,0.013,0.2183,0.3266
821,0.3266,0.2753,0.013,0.2118,0.3266
822,0.3266,0.2754,0.013,0.2175,0.3266
823,0.3266,0.2757,0.0129,0.2118,0.3266
824,0.3266,0.2757,0.0129,0.2175,0.3266
825,0.3266,0.2758,0.0129,0.2094,0.3266
826,0.3266,0.2758,0.0129,0.22,0.3266
827,0.3266,0.2756,0.013,0.2183,0.3266
828,0.3266,0.2757,0.0132,0.2175,0.3266
829,0.3266,0.2756,0.0131,0.2085,0.3266
830,0.3266,0.2757,0.0131,0.2127,0.3266
831,0.3266,0.2758,0.0131,0.2158,0.3266
832,0.3266,0.2758,0.0131,0.215,0.3266
833,0.3266,0.2756,0.0132,0.2077,0.3266
834,0.3266,0.2756,0.0131,0.2208,0.3266
835,0.3266,0.2756,0.0131,0.2102,0.3266
836,0.3266,0.2757,0.0131,0.2183,0.3266
837,0.3266,0.2757,0.0131,0.2167,0.3266
838,0.3266,0.2757,0.0132,0.2126,0.3266
839,0.3266,0.2758,0.0133,0.2183,0.3266
840,0.3266,0.2756,0.0133,0.2183,0.3266
841,0.3266,0.2758,0.0133,0.2135,0.3266
842,0.3266,0.2757,0.0133,0.2191,0.3266
843,0.3266,0.2758,0.0132,0.211,0.3266
844,0.3266,0.2758,0.0132,0.2102,0.3266
845,0.3266,0.2758,0.0133,0.2118,0.3266
846,0.3266,0.2757,0.0132,0.2175,0.3266
847,0.3266,0.2758,0.0132,0.2191,0.3266
848,0.3266,0.2757,0.0132,0.2232,0.3266
849,0.3266,0.2755,0.0134,0.2167,0.3266
850,0.3266,0.2756,0.0133,0.2102,0.3266
851,0.3266,0.2757,0.0134,0.2102,0.3266
852,0.3266,0.2758,0.0132,0.2069,0.3266
853,0.3266,0.2758,0.0132,0.2135,0.3266
854,0.3266,0.2757,0.0132,0.2143,0.3266
855,0.3266,0.2758,0.0133,0.22,0.3266
856,0.3266,0.2758,0.0133,0.2216,0.3266
857,0.3266,0.2758,0.0133,0.2216,0.3266
858,0.3266,0.2759,0.0133,0.215,0.3266
859,0.3266,0.2758,0.0133,0.2102,0.3266
860,0.3266,0.2758,0.0133,0.2216,0.3266
861,0.3266,0.2757,0.0134,0.215,0.3266
862,0.3266,0.2757,0.0132,0.2183,0.3266
863,0.3266,0.2757,0.0133,0.2102,0.3266
864,0.3266,0.2758,0.0132,0.2208,0.3266
865,0.3266,0.2759,0.0133,0.2135,0.3266
866,0.3266,0.2758,0.0132,0.2183,0.3266
867,0.3266,0.276,0.0132,0.215,0.3266
868,0.3266,0.2761,0.0132,0.2085,0.3266
869,0.3266,0.2761,0.0133,0.2232,0.3266
870,0.3266,0.276,0.0133,0.2191,0.3266
871,0.3266,0.2761,0.0131,0.2077,0.3266
872,0.3266,0.2761,0.0132,0.2216,0.3266
873,0.3266,0.2762,0.0131,0.2216,0.3266
874,0.3266,0.2763,0.0131,0.215,0.3266
875,0.3266,0.2762,0.0132,0.2208,0.3266
876,0.3266,0.2761,0.0132,0.2069,0.3266
877,0.3266,0.276,0.0133,0.2044,0.3266
878,0.3266,0.2761,0.0132,0.2158,0.3266
879,0.3266,0.276,0.0132,0.2224,0.3266
880,0.3266,0.2759,0.0133,0.2102,0.3266
881,0.3266,0.276,0.0133,0.2183,0.3266
882,0.3266,0.2761,0.0133,0.2143,0.3266
883,0.3266,0.276,0.0133,0.2249,0.3266
884,0.3266,0.276,0.0132,0.2183,0.3266
885,0.3266,0.2761,0.0132,0.2199,0.3266
886,0.3266,0.2761,0.0133,0.2135,0.3266
887,0.3266,0.2761,0.0133,0.2118,0.3266
888,0.3266,0.2761,0.0133,0.2118,0.3266
889,0.3266,0.2759,0.0133,0.215,0.3266
890,0.3266,0.276,0.0132,0.2167,0.3266
891,0.3266,0.2759,0.0133,0.2004,0.3266
892,0.3266,0.2759,0.0134,0.2207,0.3266
893,0.3266,0.2759,0.0132,0.2249,0.3266
894,0.3266,0.2758,0.0133,0.2044,0.3266
895,0.3266,0.2759,0.0133,0.2232,0.3266
896,0.3266,0.2759,0.0134,0.2158,0.3266
897,0.3266,0.2757,0.0135,0.2134,0.3266
898,0.3266,0.2758,0.0134,0.2216,0.3266
899,0.3266,0.2759,0.0134,0.2029,0.3266
900,0.3266,0.276,0.0134,0.215,0.3266
901,0.3266,0.276,0.0135,0.215,0.3266
902,0.3266,0.2759,0.0135,0.2208,0.3266
903,0.3266,0.276,0.0134,0.2216,0.3266
904,0.3266,0.276,0.0133,0.2199,0.3266
905,0.3266,0.276,0.0133,0.2208,0.3266
906,0.3266,0.2759,0.0133,0.2167,0.3266
907,0.3266,0.276,0.0134,0.2143,0.3266
908,0.3266,0.276,0.0133,0.2167,0.3266
909,0.3266,0.2761,0.0134,0.2143,0.3266
910,0.3266,0.276,0.0134,0.2102,0.3266
911,0.3266,0.2761,0.0133,0.2191,0.3266
912,0.3266,0.2762,0.0134,0.2143,0.3266
913,0.3266,0.2762,0.0134,0.2183,0.3266
914,0.3266,0.2762,0.0134,0.211,0.3266
915,0.3266,0.2762,0.0135,0.2143,0.3266
916,0.3266,0.2764,0.0134,0.1996,0.3266
917,0.3266,0.2765,0.0133,0.2158,0.3266
918,0.3266,0.2764,0.0134,0.2199,0.3266
919,0.3266,0.2765,0.0133,0.2183,0.3266
920,0.3266,0.2767,0.0132,0.2208,0.3266
921,0.3266,0.2766,0.0132,0.2102,0.3266
922,0.3266,0.2765,0.0133,0.215,0.3266
923,0.3266,0.2765,0.0131,0.2134,0.3266
924,0.3266,0.2763,0.0133,0.2216,0.3266
925,0.3266,0.2764,0.0133,0.2175,0.3266
926,0.3266,0.2766,0.0133,0.2127,0.3266
927,0.3266,0.2767,0.0133,0.2159,0.3266
928,0.3266,0.2767,0.0133,0.2216,0.3266
929,0.3266,0.2766,0.0132,0.2224,0.3266
930,0.3266,0.2765,0.0133,0.2174,0.3266
931,0.3266,0.2765,0.0133,0.2166,0.3266
932,0.3266,0.2765,0.0134,0.2183,0.3266
933,0.3266,0.2766,0.0133,0.2207,0.3266
934,0.3266,0.2766,0.0133,0.2199,0.3266
935,0.3266,0.2769,0.0134,0.2208,0.3266
936,0.3266,0.2769,0.0133,0.2224,0.3266
937,0.3266,0.277,0.0133,0.22,0.3266
938,0.3266,0.2771,0.0132,0.2069,0.3266
939,0.3266,0.277,0.0131,0.2183,0.3266
940,0.3266,0.277,0.0131,0.2167,0.3266
941,0.3266,0.2768,0.0131,0.1963,0.3266
942,0.3266,0.2768,0.0131,0.2207,0.3266
943,0.3266,0.2768,0.013,0.2158,0.3266
944,0.3266,0.2767,0.013,0.2175,0.3266
945,0.3266,0.2768,0.013,0.2207,0.3266
946,0.3266,0.2767,0.0131,0.2143,0.3266
947,0.3266,0.2767,0.0131,0.2256,0.3266
948,0.3266,0.2767,0.013,0.2077,0.3266
949,0.3266,0.2767,0.0131,0.2199,0.3266
950,0.3266,0.2768,0.0131,0.2216,0.3266
951,0.3266,0.2769,0.0132,0.211,0.3266
952,0.3266,0.2769,0.0131,0.2053,0.3266
953,0.3266,0.2769,0.0132,0.2118,0.3266
954,0.3266,0.2769,0.013,0.2191,0.3266
955,0.3266,0.2769,0.013,0.2183,0.3266
956,0.3266,0.2769,0.0128,0.2208,0.3266
957,0.3266,0.2768,0.013,0.2052,0.3266
958,0.3266,0.2767,0.0131,0.2224,0.3266
959,0.3266,0.2768,0.0131,0.2143,0.3266
960,0.3266,0.2769,0.0131,0.2167,0.3266
961,0.3266,0.2768,0.0132,0.211,0.3266
962,0.3266,0.2768,0.0132,0.2232,0.3266
963,0.3266,0.2769,0.0132,0.2233,0.3266
964,0.3266,0.2768,0.0132,0.2167,0.3266
965,0.3266,0.2769,0.0131,0.2126,0.3266
966,0.3266,0.2769,0.0133,0.2183,0.3266
967,0.3266,0.2769,0.0132,0.2118,0.3266
968,0.3266,0.277,0.0131,0.2159,0.3266
969,0.3266,0.2769,0.0133,0.2191,0.3266
970,0.3266,0.2769,0.0133,0.2167,0.3266
971,0.3266,0.2769,0.0131,0.2224,0.3266
972,0.3266,0.2768,0.0133,0.2192,0.3266
973,0.3266,0.277,0.0132,0.2208,0.3266
974,0.3266,0.2769,0.0133,0.215,0.3266
975,0.3266,0.277,0.0131,0.2127,0.3266
976,0.3266,0.2771,0.0132,0.2232,0.3266
977,0.3266,0.2771,0.0132,0.2135,0.3266
978,0.3266,0.277,0.0132,0.2175,0.3266
979,0.3266,0.277,0.0132,0.2135,0.3266
980,0.3266,0.277,0.0132,0.2216,0.3266
981,0.3266,0.277,0.0133,0.2249,0.3266
982,0.3266,0.2769,0.0133,0.2216,0.3266
983,0.3266,0.2769,0.0134,0.215,0.3266
984,0.3266,0.277,0.0133,0.2216,0.3266
985,0.3266,0.2771,0.0134,0.2216,0.3266
986,0.3266,0.277,0.0134,0.2183,0.3266
987,0.3266,0.2772,0.0132,0.2183,0.3266
988,0.3266,0.2771,0.0133,0.2143,0.3266
989,0.3266,0.2773,0.0132,0.2143,0.3266
990,0.3266,0.2773,0.0132,0.2208,0.3266
991,0.3266,0.2775,0.0131,0.224,0.3266
992,0.3266,0.2773,0.0131,0.2208,0.3266
993,0.3266,0.2774,0.0133,0.2183,0.3266
994,0.3266,0.2772,0.0132,0.2183,0.3266
995,0.3266,0.2773,0.0132,0.2208,0.3266
996,0.3266,0.2774,0.0132,0.2191,0.3266
997,0.3266,0.2774,0.0133,0.2175,0.3266
998,0.3266,0.2771,0.0134,0.2167,0.3266
999,0.3266,0.2772,0.0133,0.2175,0.3266
1000,0.3266,0.2772,0.0133,0.2143,0.3266
