Generation,Mean,Std,Min,Max
1,-0.0377,0.0022,-0.0448,-0.0288
2,-0.0368,0.0021,-0.0419,-0.0288
3,-0.036,0.0021,-0.0403,-0.0282
4,-0.0353,0.0021,-0.0406,-0.0268
5,-0.0347,0.0021,-0.0409,-0.0255
6,-0.0341,0.002,-0.0403,-0.0255
7,-0.0333,0.0019,-0.0396,-0.0255
8,-0.0327,0.0019,-0.0383,-0.0255
9,-0.032,0.0018,-0.038,-0.0255
10,-0.0314,0.0018,-0.0373,-0.0255
11,-0.0308,0.0017,-0.0367,-0.0252
12,-0.0301,0.0017,-0.0347,-0.0236
13,-0.0294,0.0017,-0.034,-0.0223
14,-0.0288,0.0017,-0.0337,-0.0223
15,-0.0283,0.0016,-0.0324,-0.0223
16,-0.0278,0.0015,-0.0331,-0.0223
17,-0.0273,0.0016,-0.0337,-0.0223
18,-0.0269,0.0015,-0.0314,-0.0223
19,-0.0265,0.0016,-0.0337,-0.0219
20,-0.026,0.0015,-0.0314,-0.0209
21,-0.0256,0.0016,-0.0311,-0.0209
22,-0.0252,0.0015,-0.0295,-0.02
23,-0.0248,0.0016,-0.0295,-0.02
24,-0.0244,0.0016,-0.0288,-0.0193
25,-0.024,0.0015,-0.0298,-0.0193
26,-0.0237,0.0015,-0.0291,-0.0187
27,-0.0234,0.0015,-0.0288,-0.0183
28,-0.0231,0.0014,-0.0291,-0.0183
29,-0.0228,0.0015,-0.0282,-0.0167
30,-0.0226,0.0014,-0.0275,-0.0167
31,-0.0223,0.0015,-0.0272,-0.0167
32,-0.0219,0.0015,-0.0262,-0.0167
33,-0.0217,0.0015,-0.0278,-0.0167
34,-0.0213,0.0015,-0.0259,-0.0164
35,-0.021,0.0015,-0.0249,-0.0157
36,-0.0205,0.0016,-0.0249,-0.0151
37,-0.0202,0.0016,-0.0239,-0.0147
38,-0.0197,0.0016,-0.0252,-0.0147
39,-0.0193,0.0016,-0.0239,-0.0147
40,-0.019,0.0016,-0.0236,-0.0141
41,-0.0186,0.0016,-0.0262,-0.0131
42,-0.0183,0.0016,-0.0232,-0.0121
43,-0.0179,0.0016,-0.0226,-0.0121
44,-0.0174,0.0017,-0.0219,-0.0121
45,-0.017,0.0016,-0.0213,-0.0118
46,-0.0166,0.0017,-0.0213,-0.0115
47,-0.0161,0.0017,-0.0203,-0.0108
48,-0.0157,0.0017,-0.0203,-0.0108
49,-0.0152,0.0018,-0.0206,-0.0105
50,-0.0147,0.0018,-0.0196,-0.0098
51,-0.0141,0.0017,-0.0187,-0.0098
52,-0.0136,0.0016,-0.019,-0.0092
53,-0.0132,0.0017,-0.0187,-0.0092
54,-0.0128,0.0016,-0.017,-0.0079
55,-0.0125,0.0015,-0.017,-0.0079
56,-0.0121,0.0014,-0.0157,-0.0079
57,-0.0119,0.0015,-0.0209,-0.0072
58,-0.0116,0.0015,-0.0157,-0.0072
59,-0.0113,0.0014,-0.0164,-0.0072
60,-0.011,0.0015,-0.0154,-0.0065
61,-0.0107,0.0015,-0.0154,-0.0056
62,-0.0103,0.0015,-0.0147,-0.0056
63,-0.01,0.0015,-0.0147,-0.0056
64,-0.0097,0.0016,-0.0157,-0.0052
65,-0.0093,0.0016,-0.0137,-0.0033
66,-0.0091,0.0016,-0.0134,-0.0033
67,-0.0088,0.0017,-0.0144,-0.0033
68,-0.0085,0.0017,-0.0128,-0.0033
69,-0.0081,0.0017,-0.0124,-0.0033
70,-0.0078,0.0016,-0.0124,-0.0033
71,-0.0075,0.0016,-0.0115,-0.0033
72,-0.0071,0.0015,-0.0105,-0.0026
73,-0.007,0.0016,-0.0111,-0.0023
74,-0.0068,0.0015,-0.0108,-0.0023
75,-0.0065,0.0016,-0.0108,-0.002
76,-0.0063,0.0016,-0.0108,-0.001
77,-0.0059,0.0015,-0.0105,-0.001
78,-0.0057,0.0015,-0.0101,-0.001
79,-0.0054,0.0015,-0.0098,-0.001
80,-0.0052,0.0015,-0.0098,-0.001
81,-0.0048,0.0015,-0.0095,-0.0003
82,-0.0046,0.0015,-0.0088,-0.0003
83,-0.0043,0.0015,-0.0088,-0.0003
84,-0.004,0.0015,-0.0082,0.0
85,-0.0037,0.0015,-0.0079,0.0
86,-0.0035,0.0014,-0.0075,0.0007
87,-0.0034,0.0014,-0.0075,0.0007
88,-0.0033,0.0014,-0.0079,0.0007
89,-0.0032,0.0014,-0.0072,0.0007
90,-0.003,0.0014,-0.0075,0.0013
91,-0.0029,0.0015,-0.0072,0.0013
92,-0.0027,0.0014,-0.0069,0.0013
93,-0.0026,0.0014,-0.0072,0.0013
94,-0.0024,0.0014,-0.0062,0.0013
95,-0.0023,0.0013,-0.0062,0.0013
96,-0.0023,0.0014,-0.0065,0.0013
97,-0.0022,0.0014,-0.0065,0.0013
98,-0.0021,0.0013,-0.0059,0.0016
99,-0.002,0.0014,-0.0056,0.0016
100,-0.0018,0.0014,-0.0059,0.002
101,-0.0017,0.0014,-0.0056,0.0023
102,-0.0015,0.0014,-0.0056,0.0023
103,-0.0014,0.0014,-0.0056,0.0023
104,-0.0014,0.0015,-0.0056,0.0023
105,-0.0012,0.0014,-0.0052,0.0026
106,-0.0011,0.0014,-0.0065,0.0026
107,-0.001,0.0015,-0.0049,0.0026
108,-0.0008,0.0014,-0.0046,0.0026
109,-0.0008,0.0014,-0.0052,0.0026
110,-0.0007,0.0015,-0.0065,0.0026
111,-0.0006,0.0014,-0.0043,0.0026
112,-0.0006,0.0015,-0.0046,0.0026
113,-0.0005,0.0015,-0.0046,0.0026
114,-0.0003,0.0014,-0.0043,0.0029
115,-0.0003,0.0014,-0.0039,0.0029
116,-0.0003,0.0015,-0.0052,0.0029
117,-0.0001,0.0014,-0.0046,0.0039
118,-0.0001,0.0014,-0.0043,0.0039
119,-0.0,0.0014,-0.0043,0.0039
120,0.0001,0.0014,-0.0039,0.0039
121,0.0001,0.0015,-0.0043,0.0039
122,0.0001,0.0014,-0.0036,0.0039
123,0.0002,0.0014,-0.0043,0.0039
124,0.0004,0.0014,-0.0039,0.0039
125,0.0003,0.0014,-0.0036,0.0043
126,0.0003,0.0015,-0.0036,0.0043
127,0.0004,0.0014,-0.0029,0.0043
128,0.0004,0.0014,-0.0036,0.0043
129,0.0006,0.0014,-0.0039,0.0043
130,0.0006,0.0015,-0.0033,0.0043
131,0.0008,0.0014,-0.0033,0.0043
132,0.0009,0.0015,-0.0029,0.0043
133,0.0009,0.0016,-0.0033,0.0043
134,0.001,0.0015,-0.0029,0.0046
135,0.0011,0.0015,-0.0033,0.0049
136,0.0011,0.0015,-0.0039,0.0049
137,0.0012,0.0015,-0.0029,0.0049
138,0.0013,0.0015,-0.0026,0.0049
139,0.0014,0.0015,-0.0033,0.0049
140,0.0015,0.0015,-0.0026,0.0052
141,0.0015,0.0015,-0.0026,0.0056
142,0.0015,0.0015,-0.0023,0.0056
143,0.0015,0.0015,-0.0026,0.0059
144,0.0017,0.0015,-0.0026,0.0059
145,0.0017,0.0015,-0.0029,0.0059
146,0.0019,0.0015,-0.0039,0.0059
147,0.0019,0.0014,-0.0026,0.0059
148,0.002,0.0014,-0.0023,0.0059
149,0.002,0.0015,-0.002,0.0059
150,0.002,0.0015,-0.002,0.0059
151,0.002,0.0014,-0.002,0.0059
152,0.002,0.0015,-0.002,0.0059
153,0.0021,0.0015,-0.0016,0.0065
154,0.0022,0.0015,-0.0016,0.0065
155,0.0022,0.0015,-0.0016,0.0065
156,0.0023,0.0016,-0.002,0.0072
157,0.0024,0.0015,-0.0029,0.0072
158,0.0024,0.0017,-0.0016,0.0072
159,0.0027,0.0017,-0.002,0.0072
160,0.0028,0.0017,-0.0023,0.0072
161,0.003,0.0017,-0.0016,0.0072
162,0.0031,0.0016,-0.0013,0.0072
163,0.0032,0.0017,-0.002,0.0082
164,0.0033,0.0016,-0.001,0.0082
165,0.0033,0.0016,-0.002,0.0082
166,0.0035,0.0016,-0.001,0.0082
167,0.0036,0.0016,-0.002,0.0082
168,0.0037,0.0015,-0.0016,0.0085
169,0.0038,0.0017,-0.0016,0.0085
170,0.0039,0.0017,-0.0016,0.0085
171,0.004,0.0017,-0.0016,0.0085
172,0.0042,0.0016,-0.001,0.0085
173,0.0042,0.0015,-0.0003,0.0085
174,0.0043,0.0016,-0.0016,0.0085
175,0.0044,0.0016,0.0,0.0085
176,0.0044,0.0016,-0.0003,0.0085
177,0.0044,0.0016,-0.0003,0.0085
178,0.0044,0.0016,0.0003,0.0085
179,0.0044,0.0016,-0.001,0.0085
180,0.0044,0.0016,0.0003,0.0085
181,0.0045,0.0017,0.0,0.0085
182,0.0046,0.0017,-0.001,0.0085
183,0.0046,0.0016,0.0003,0.0085
184,0.0046,0.0016,-0.0013,0.0085
185,0.0046,0.0016,0.0007,0.0085
186,0.0046,0.0016,-0.0003,0.0085
187,0.0046,0.0016,-0.0003,0.0088
188,0.0047,0.0016,0.0007,0.0088
189,0.0047,0.0016,-0.0003,0.0088
190,0.0047,0.0016,-0.001,0.0088
191,0.0046,0.0016,-0.001,0.0088
192,0.0047,0.0016,-0.0013,0.0088
193,0.0047,0.0015,-0.0007,0.0088
194,0.0047,0.0016,-0.0007,0.0088
195,0.0047,0.0017,-0.0003,0.0092
196,0.0048,0.0016,0.0003,0.0092
197,0.0048,0.0016,0.0003,0.0092
198,0.0047,0.0016,0.0,0.0092
199,0.0048,0.0016,0.0003,0.0092
200,0.0048,0.0017,-0.0007,0.0092
201,0.0049,0.0016,0.0003,0.0092
202,0.0049,0.0015,0.0,0.0092
203,0.0048,0.0016,0.0,0.0092
204,0.0047,0.0016,0.0003,0.0092
205,0.0048,0.0016,0.0,0.0092
206,0.0048,0.0016,0.0007,0.0092
207,0.0049,0.0016,-0.0007,0.0092
208,0.0049,0.0016,-0.0007,0.0092
209,0.005,0.0017,-0.0007,0.0092
210,0.005,0.0016,0.0007,0.0092
211,0.005,0.0015,-0.0003,0.0092
212,0.0051,0.0015,0.0,0.0092
213,0.005,0.0015,-0.0007,0.0092
214,0.0049,0.0016,0.0003,0.0095
215,0.0049,0.0015,-0.0007,0.0095
216,0.0048,0.0015,0.0007,0.0095
217,0.0048,0.0016,-0.0013,0.0095
218,0.0048,0.0016,0.0,0.0095
219,0.0048,0.0016,-0.0007,0.0095
220,0.0047,0.0015,0.0003,0.0095
221,0.0047,0.0016,-0.0007,0.0095
222,0.0047,0.0016,-0.0007,0.0095
223,0.0047,0.0016,-0.0007,0.0095
224,0.0047,0.0017,-0.0007,0.0095
225,0.0048,0.0017,0.0,0.0095
226,0.0049,0.0016,0.0,0.0095
227,0.0049,0.0016,-0.0007,0.0095
228,0.005,0.0016,0.0,0.0095
229,0.0049,0.0016,-0.001,0.0095
230,0.0051,0.0015,0.0003,0.0095
231,0.005,0.0017,-0.0007,0.0098
232,0.0051,0.0016,-0.0003,0.0098
233,0.0051,0.0017,-0.0003,0.0098
234,0.0052,0.0016,-0.001,0.0098
235,0.0052,0.0016,-0.001,0.0098
236,0.0053,0.0016,0.0007,0.0098
237,0.0052,0.0016,-0.001,0.0098
238,0.0052,0.0017,0.0,0.0098
239,0.0053,0.0016,0.0003,0.0098
240,0.0053,0.0016,0.0003,0.0098
241,0.0054,0.0016,0.001,0.0098
242,0.0053,0.0015,0.0,0.0098
243,0.0052,0.0015,0.0007,0.0098
244,0.0051,0.0015,0.001,0.0098
245,0.0051,0.0016,-0.0007,0.0098
246,0.005,0.0015,0.0003,0.0098
247,0.005,0.0017,0.0,0.0098
248,0.0051,0.0016,0.0003,0.0098
249,0.0051,0.0016,0.001,0.0098
250,0.0052,0.0016,-0.0003,0.0098
251,0.0052,0.0016,-0.0003,0.0098
252,0.0053,0.0016,0.0007,0.0098
253,0.0053,0.0015,0.0003,0.0098
254,0.0052,0.0016,0.0,0.0098
255,0.0052,0.0016,-0.0003,0.0098
256,0.0052,0.0016,0.0003,0.0098
257,0.0052,0.0016,-0.0003,0.0098
258,0.0053,0.0016,0.0007,0.0098
259,0.0054,0.0016,-0.0003,0.0098
260,0.0054,0.0016,-0.0003,0.0098
261,0.0054,0.0017,-0.0007,0.0098
262,0.0055,0.0017,0.0,0.0098
263,0.0055,0.0016,-0.0007,0.0098
264,0.0055,0.0016,0.0003,0.0098
265,0.0055,0.0015,0.0007,0.0098
266,0.0054,0.0015,-0.0007,0.0098
267,0.0055,0.0014,0.0013,0.0098
268,0.0054,0.0016,0.0007,0.0098
269,0.0053,0.0016,0.0007,0.0098
270,0.0054,0.0016,0.001,0.0098
271,0.0053,0.0016,0.0003,0.0098
272,0.0053,0.0016,0.0,0.0098
273,0.0054,0.0016,0.0003,0.0098
274,0.0053,0.0017,0.0,0.0098
275,0.0054,0.0017,0.0,0.0098
276,0.0055,0.0016,-0.0003,0.0098
277,0.0056,0.0015,0.0007,0.0098
278,0.0056,0.0016,0.0007,0.0098
279,0.0056,0.0015,0.001,0.0098
280,0.0055,0.0015,0.001,0.0098
281,0.0055,0.0016,-0.0007,0.0098
282,0.0054,0.0017,0.0,0.0098
283,0.0055,0.0016,0.0003,0.0098
284,0.0055,0.0016,0.0003,0.0098
285,0.0055,0.0015,0.0003,0.0098
286,0.0055,0.0015,-0.0003,0.0098
287,0.0055,0.0015,0.0003,0.0101
288,0.0054,0.0016,0.0013,0.0101
289,0.0053,0.0016,-0.0003,0.0101
290,0.0055,0.0016,-0.0003,0.0101
291,0.0055,0.0016,-0.0003,0.0101
292,0.0055,0.0016,-0.001,0.0101
293,0.0055,0.0017,0.0003,0.0101
294,0.0055,0.0016,-0.0003,0.0101
295,0.0056,0.0017,0.0007,0.0101
296,0.0056,0.0017,0.0,0.0101
297,0.0055,0.0016,0.0007,0.0101
298,0.0055,0.0016,0.0007,0.0101
299,0.0056,0.0016,-0.0007,0.0101
300,0.0055,0.0015,0.0007,0.0101
301,0.0055,0.0016,0.0013,0.0101
302,0.0055,0.0016,0.0,0.0101
303,0.0054,0.0016,-0.0003,0.0101
304,0.0054,0.0016,0.001,0.0101
305,0.0054,0.0016,0.0003,0.0101
306,0.0054,0.0016,-0.0007,0.0101
307,0.0055,0.0015,0.0007,0.0101
308,0.0054,0.0016,0.0,0.0101
309,0.0054,0.0016,0.0007,0.0101
310,0.0055,0.0017,0.0003,0.0101
311,0.0055,0.0017,0.001,0.0101
312,0.0057,0.0016,0.001,0.0101
313,0.0057,0.0015,0.0007,0.0101
314,0.0058,0.0015,0.0003,0.0101
315,0.0057,0.0016,0.0013,0.0101
316,0.0058,0.0016,0.001,0.0101
317,0.0058,0.0016,0.0,0.0101
318,0.0057,0.0016,0.0003,0.0101
319,0.0058,0.0016,0.0007,0.0101
320,0.0057,0.0017,-0.0003,0.0101
321,0.0057,0.0017,-0.0007,0.0101
322,0.0057,0.0016,0.0003,0.0101
323,0.0056,0.0017,-0.0003,0.0101
324,0.0056,0.0016,0.0007,0.0101
325,0.0057,0.0015,0.0,0.0101
326,0.0056,0.0015,0.0003,0.0101
327,0.0055,0.0016,0.0003,0.0101
328,0.0055,0.0016,0.0,0.0101
329,0.0055,0.0016,0.0,0.0101
330,0.0056,0.0015,0.0007,0.0101
331,0.0056,0.0016,-0.0003,0.0101
332,0.0056,0.0015,0.0003,0.0101
333,0.0056,0.0016,0.0016,0.0101
334,0.0056,0.0016,0.0,0.0101
335,0.0055,0.0016,-0.0007,0.0101
336,0.0056,0.0016,-0.0003,0.0101
337,0.0056,0.0016,0.0003,0.0101
338,0.0056,0.0016,0.001,0.0101
339,0.0057,0.0015,-0.0007,0.0101
340,0.0057,0.0016,0.0003,0.0101
341,0.0056,0.0016,0.0,0.0101
342,0.0056,0.0016,0.0007,0.0101
343,0.0056,0.0016,0.0003,0.0101
344,0.0055,0.0017,-0.0003,0.0101
345,0.0056,0.0016,0.0013,0.0101
346,0.0057,0.0017,0.0007,0.0101
347,0.0058,0.0015,0.0013,0.0101
348,0.0057,0.0017,0.0,0.0101
349,0.0057,0.0016,0.0007,0.0101
350,0.0057,0.0017,0.0003,0.0101
351,0.0059,0.0015,0.001,0.0101
352,0.0058,0.0015,0.0,0.0101
353,0.0058,0.0016,0.0,0.0101
354,0.0058,0.0016,0.0007,0.0101
355,0.0058,0.0015,0.0013,0.0101
356,0.0058,0.0017,0.0007,0.0101
357,0.0059,0.0016,0.0003,0.0101
358,0.006,0.0016,0.001,0.0101
359,0.006,0.0016,0.0013,0.0101
360,0.0059,0.0017,0.0,0.0101
361,0.0059,0.0016,0.0007,0.0101
362,0.006,0.0016,0.001,0.0101
363,0.006,0.0016,0.0016,0.0101
364,0.006,0.0016,0.0003,0.0101
365,0.006,0.0016,0.001,0.0101
366,0.0059,0.0017,0.0,0.0101
367,0.006,0.0016,0.0003,0.0108
368,0.0059,0.0015,0.0016,0.0108
369,0.0059,0.0017,0.0003,0.0108
370,0.006,0.0017,0.0007,0.0108
371,0.0059,0.0017,0.0007,0.0108
372,0.006,0.0016,0.0013,0.0108
373,0.006,0.0015,0.0007,0.0108
374,0.006,0.0016,0.0013,0.0108
375,0.006,0.0016,0.0007,0.0108
376,0.006,0.0017,0.001,0.0108
377,0.0061,0.0018,0.0007,0.0108
378,0.0062,0.0017,0.0007,0.0108
379,0.0061,0.0017,0.0007,0.0108
380,0.0062,0.0016,0.0013,0.0108
381,0.0061,0.0016,0.002,0.0108
382,0.0062,0.0017,0.0013,0.0108
383,0.0062,0.0017,0.0007,0.0108
384,0.0061,0.0017,0.0016,0.0108
385,0.0061,0.0017,0.0016,0.0108
386,0.0061,0.0017,0.001,0.0108
387,0.0062,0.0017,0.0,0.0108
388,0.0062,0.0017,0.0003,0.0108
389,0.0063,0.0018,0.001,0.0108
390,0.0064,0.0017,0.0007,0.0108
391,0.0065,0.0016,0.0013,0.0108
392,0.0064,0.0017,0.0016,0.0108
393,0.0065,0.0017,0.001,0.0108
394,0.0065,0.0016,0.0023,0.0108
395,0.0065,0.0016,0.0007,0.0108
396,0.0066,0.0015,0.002,0.0108
397,0.0066,0.0017,0.0013,0.0108
398,0.0065,0.0016,0.001,0.0108
399,0.0065,0.0015,0.0016,0.0108
400,0.0064,0.0016,0.001,0.0108
401,0.0064,0.0017,0.0013,0.0108
402,0.0065,0.0015,0.0023,0.0108
403,0.0066,0.0016,0.0013,0.0108
404,0.0066,0.0016,0.0016,0.0108
405,0.0066,0.0016,0.0007,0.0108
406,0.0065,0.0017,0.0013,0.0108
407,0.0065,0.0016,0.001,0.0108
408,0.0065,0.0016,0.002,0.0108
409,0.0065,0.0015,0.0023,0.0108
410,0.0064,0.0015,0.0016,0.0108
411,0.0063,0.0016,0.001,0.0108
412,0.0062,0.0015,0.0016,0.0108
413,0.0061,0.0016,0.0013,0.0108
414,0.0061,0.0017,0.0003,0.0108
415,0.0061,0.0017,0.0016,0.0108
416,0.0061,0.0017,0.0003,0.0108
417,0.0062,0.0018,0.0013,0.0108
418,0.0062,0.0017,0.0013,0.0108
419,0.0064,0.0017,0.0013,0.0108
420,0.0065,0.0017,0.0013,0.0108
421,0.0066,0.0016,0.0016,0.0108
422,0.0066,0.0016,0.0013,0.0108
423,0.0065,0.0016,0.0007,0.0108
424,0.0065,0.0016,0.0023,0.0108
425,0.0066,0.0016,0.001,0.0115
426,0.0065,0.0015,0.0023,0.0115
427,0.0065,0.0016,0.002,0.0115
428,0.0065,0.0016,0.0016,0.0115
429,0.0066,0.0016,0.0016,0.0115
430,0.0066,0.0016,0.002,0.0115
431,0.0066,0.0015,0.0023,0.0115
432,0.0065,0.0016,0.001,0.0115
433,0.0065,0.0016,0.001,0.0115
434,0.0064,0.0017,0.0016,0.0115
435,0.0064,0.0017,0.0007,0.0115
436,0.0064,0.0016,0.001,0.0115
437,0.0064,0.0016,0.001,0.0115
438,0.0064,0.0016,0.001,0.0115
439,0.0064,0.0016,0.001,0.0115
440,0.0064,0.0017,0.0007,0.0115
441,0.0065,0.0016,0.0016,0.0115
442,0.0064,0.0015,0.0016,0.0115
443,0.0063,0.0016,0.0013,0.0115
444,0.0063,0.0015,0.001,0.0115
445,0.0062,0.0016,0.001,0.0115
446,0.0061,0.0017,0.0003,0.0115
447,0.0061,0.0016,0.0003,0.0115
448,0.0062,0.0015,0.0013,0.0115
449,0.0061,0.0016,0.0007,0.0115
450,0.0061,0.0017,0.0013,0.0115
451,0.0062,0.0015,0.0013,0.0115
452,0.0061,0.0016,0.0013,0.0115
453,0.0061,0.0016,0.0007,0.0115
454,0.0062,0.0016,0.001,0.0115
455,0.0063,0.0015,0.0023,0.0115
456,0.0062,0.0015,0.002,0.0115
457,0.0063,0.0015,0.0016,0.0115
458,0.0063,0.0016,0.001,0.0115
459,0.0064,0.0015,0.0013,0.0115
460,0.0064,0.0016,0.0007,0.0115
461,0.0063,0.0016,0.0016,0.0115
462,0.0063,0.0016,0.0007,0.0115
463,0.0064,0.0016,0.0007,0.0115
464,0.0064,0.0017,0.0013,0.0115
465,0.0064,0.0017,0.001,0.0115
466,0.0066,0.0016,0.002,0.0115
467,0.0066,0.0016,0.001,0.0115
468,0.0065,0.0016,0.001,0.0115
469,0.0066,0.0015,0.001,0.0115
470,0.0065,0.0016,0.0013,0.0115
471,0.0064,0.0017,0.0016,0.0115
472,0.0064,0.0016,0.001,0.0115
473,0.0064,0.0016,0.0016,0.0115
474,0.0063,0.0017,0.0016,0.0115
475,0.0064,0.0016,0.001,0.0115
476,0.0065,0.0015,0.001,0.0115
477,0.0065,0.0016,0.001,0.0115
478,0.0065,0.0016,0.0013,0.0115
479,0.0066,0.0015,0.002,0.0115
480,0.0065,0.0015,0.0016,0.0115
481,0.0065,0.0015,0.0007,0.0115
482,0.0065,0.0016,0.0013,0.0115
483,0.0065,0.0016,0.001,0.0115
484,0.0065,0.0016,0.002,0.0115
485,0.0065,0.0016,0.0023,0.0115
486,0.0065,0.0015,0.002,0.0115
487,0.0065,0.0014,0.0013,0.0115
488,0.0064,0.0016,0.0013,0.0115
489,0.0062,0.0017,0.0016,0.0115
490,0.0064,0.0017,0.0,0.0115
491,0.0063,0.0016,0.0013,0.0115
492,0.0063,0.0016,0.0016,0.0115
493,0.0063,0.0017,0.0007,0.0115
494,0.0063,0.0016,0.001,0.0115
495,0.0063,0.0016,0.0016,0.0115
496,0.0063,0.0016,0.0013,0.0115
497,0.0063,0.0016,0.0007,0.0115
498,0.0064,0.0016,0.0007,0.0115
499,0.0065,0.0016,0.0016,0.0115
500,0.0065,0.0016,0.0013,0.0115
501,0.0064,0.0016,0.001,0.0115
502,0.0063,0.0017,0.001,0.0115
503,0.0062,0.0016,0.0013,0.0115
504,0.0063,0.0016,0.0003,0.0115
505,0.0063,0.0017,0.0013,0.0115
506,0.0064,0.0016,0.001,0.0115
507,0.0064,0.0017,0.0016,0.0115
508,0.0065,0.0016,0.0013,0.0115
509,0.0066,0.0016,0.0023,0.0115
510,0.0065,0.0016,0.002,0.0115
511,0.0064,0.0016,0.0016,0.0115
512,0.0065,0.0016,0.0016,0.0115
513,0.0064,0.0016,0.001,0.0115
514,0.0064,0.0016,0.0003,0.0115
515,0.0064,0.0016,0.0007,0.0115
516,0.0064,0.0017,0.0013,0.0115
517,0.0064,0.0017,0.001,0.0115
518,0.0064,0.0017,0.0013,0.0115
519,0.0063,0.0016,0.0007,0.0115
520,0.0064,0.0017,0.0013,0.0115
521,0.0063,0.0016,0.0013,0.0115
522,0.0063,0.0017,0.001,0.0115
523,0.0064,0.0016,0.001,0.0115
524,0.0065,0.0017,0.001,0.0115
525,0.0065,0.0016,0.0023,0.0115
526,0.0066,0.0016,0.001,0.0115
527,0.0067,0.0017,0.0007,0.0115
528,0.0067,0.0017,0.001,0.0115
529,0.0067,0.0016,0.0013,0.0115
530,0.0066,0.0016,0.0007,0.0115
531,0.0066,0.0017,0.0003,0.0115
532,0.0066,0.0016,0.0013,0.0115
533,0.0067,0.0015,0.0023,0.0115
534,0.0066,0.0016,0.002,0.0115
535,0.0065,0.0016,0.001,0.0115
536,0.0066,0.0017,0.002,0.0115
537,0.0067,0.0016,0.0016,0.0115
538,0.0067,0.0016,0.0013,0.0115
539,0.0067,0.0016,0.001,0.0115
540,0.0068,0.0016,0.0016,0.0115
541,0.0068,0.0016,0.0016,0.0115
542,0.0069,0.0016,0.0016,0.0115
543,0.0068,0.0016,0.0013,0.0115
544,0.0067,0.0016,0.0013,0.0115
545,0.0068,0.0017,0.0016,0.0115
546,0.0068,0.0015,0.002,0.0115
547,0.0066,0.0016,0.0016,0.0115
548,0.0066,0.0017,0.001,0.0115
549,0.0067,0.0016,0.001,0.0115
550,0.0067,0.0016,0.0007,0.0115
551,0.0068,0.0015,0.0016,0.0115
552,0.0067,0.0016,0.0016,0.0115
553,0.0068,0.0016,0.0016,0.0115
554,0.0069,0.0016,0.0016,0.0115
555,0.0068,0.0014,0.002,0.0115
556,0.0067,0.0016,0.002,0.0115
557,0.0067,0.0015,0.0023,0.0115
558,0.0067,0.0015,0.002,0.0115
559,0.0067,0.0016,0.0016,0.0115
560,0.0066,0.0017,0.001,0.0115
561,0.0067,0.0016,0.002,0.0115
562,0.0066,0.0017,0.001,0.0115
563,0.0065,0.0016,0.0007,0.0115
564,0.0067,0.0016,0.001,0.0115
565,0.0067,0.0016,0.002,0.0115
566,0.0067,0.0016,0.0013,0.0115
567,0.0067,0.0016,0.0016,0.0115
568,0.0067,0.0016,0.002,0.0115
569,0.0068,0.0016,0.0013,0.0115
570,0.0068,0.0016,0.0016,0.0115
571,0.0068,0.0015,0.002,0.0115
572,0.0068,0.0016,0.0013,0.0115
573,0.0068,0.0016,0.0013,0.0115
574,0.0069,0.0016,0.0026,0.0115
575,0.0068,0.0017,0.002,0.0115
576,0.0068,0.0017,0.0013,0.0115
577,0.0069,0.0017,0.0016,0.0118
578,0.007,0.0016,0.0016,0.0118
579,0.0069,0.0015,0.0013,0.0118
580,0.0069,0.0015,0.0016,0.0118
581,0.0068,0.0015,0.0016,0.0118
582,0.0067,0.0016,0.0016,0.0118
583,0.0066,0.0017,0.001,0.0118
584,0.0067,0.0017,0.0007,0.0118
585,0.0067,0.0017,0.002,0.0118
586,0.0067,0.0017,0.001,0.0118
587,0.0067,0.0017,0.0013,0.0118
588,0.0067,0.0018,0.002,0.0118
589,0.0067,0.0017,0.0023,0.0118
590,0.0068,0.0016,0.0016,0.0118
591,0.0067,0.0016,0.0013,0.0118
592,0.0068,0.0016,0.002,0.0118
593,0.0067,0.0016,0.0016,0.0118
594,0.0067,0.0016,0.0013,0.0118
595,0.0069,0.0016,0.0016,0.0118
596,0.0068,0.0016,0.0013,0.0118
597,0.0068,0.0017,0.0013,0.0118
598,0.0068,0.0016,0.0007,0.0118
599,0.0069,0.0016,0.001,0.0118
600,0.0068,0.0016,0.0013,0.0118
601,0.0067,0.0016,0.001,0.0118
602,0.0067,0.0016,0.002,0.0118
603,0.0066,0.0017,0.0007,0.0118
604,0.0066,0.0017,0.0007,0.0118
605,0.0066,0.0018,0.001,0.0118
606,0.0068,0.0018,0.001,0.0118
607,0.0068,0.0017,0.001,0.0118
608,0.0067,0.0018,0.001,0.0118
609,0.0068,0.0017,0.001,0.0118
610,0.0067,0.0018,0.0007,0.0118
611,0.0068,0.0017,0.0016,0.0118
612,0.0068,0.0017,0.0013,0.0118
613,0.0068,0.0017,0.002,0.0118
614,0.0069,0.0017,0.0,0.0118
615,0.007,0.0016,0.0013,0.0118
616,0.007,0.0016,0.002,0.0118
617,0.007,0.0016,0.0016,0.0118
618,0.0069,0.0016,0.0016,0.0118
619,0.0069,0.0016,0.0016,0.0118
620,0.0069,0.0017,0.0013,0.0124
621,0.0069,0.0016,0.0016,0.0124
622,0.0067,0.0016,0.002,0.0124
623,0.0068,0.0016,0.0013,0.0124
624,0.0067,0.0016,0.001,0.0124
625,0.0067,0.0016,0.0016,0.0124
626,0.0068,0.0017,0.0013,0.0124
627,0.0068,0.0017,0.0016,0.0124
628,0.0069,0.0016,0.0016,0.0124
629,0.0068,0.0017,0.0013,0.0124
630,0.0068,0.0017,0.0016,0.0124
631,0.0068,0.0017,0.001,0.0124
632,0.0069,0.0017,0.001,0.0124
633,0.007,0.0016,0.0013,0.0124
634,0.0071,0.0016,0.0013,0.0124
635,0.007,0.0016,0.0013,0.0124
636,0.0069,0.0017,0.001,0.0124
637,0.0069,0.0017,0.002,0.0124
638,0.0069,0.0017,0.0016,0.0124
639,0.007,0.0017,0.002,0.0124
640,0.007,0.0016,0.0013,0.0124
641,0.007,0.0017,0.0013,0.0124
642,0.0071,0.0016,0.0023,0.0124
643,0.007,0.0016,0.0016,0.0124
644,0.007,0.0016,0.0023,0.0124
645,0.0069,0.0017,0.0013,0.0124
646,0.007,0.0017,0.0016,0.0124
647,0.007,0.0017,0.001,0.0124
648,0.0069,0.0016,0.0016,0.0124
649,0.007,0.0016,0.001,0.0124
650,0.007,0.0017,0.0013,0.0124
651,0.0069,0.0017,0.001,0.0124
652,0.0068,0.0017,0.001,0.0124
653,0.007,0.0016,0.0023,0.0124
654,0.007,0.0017,0.002,0.0124
655,0.007,0.0016,0.0016,0.0124
656,0.0068,0.0017,0.0013,0.0124
657,0.0069,0.0017,0.0013,0.0124
658,0.0069,0.0017,0.002,0.0124
659,0.007,0.0015,0.0023,0.0124
660,0.0068,0.0016,0.002,0.0124
661,0.0068,0.0016,0.0026,0.0124
662,0.0067,0.0016,0.0013,0.0124
663,0.0067,0.0016,0.0023,0.0124
664,0.0068,0.0017,0.001,0.0124
665,0.0068,0.0017,0.0007,0.0124
666,0.0069,0.0017,0.0003,0.0124
667,0.0068,0.0017,0.0013,0.0124
668,0.0069,0.0016,0.0023,0.0124
669,0.0068,0.0016,0.0023,0.0124
670,0.0068,0.0016,0.0016,0.0124
671,0.0067,0.0016,0.0013,0.0124
672,0.0066,0.0017,0.0016,0.0124
673,0.0065,0.0017,0.0007,0.0124
674,0.0066,0.0017,0.0016,0.0124
675,0.0065,0.0018,0.001,0.0124
676,0.0066,0.0017,0.0003,0.0124
677,0.0066,0.0018,0.001,0.0124
678,0.0066,0.0018,0.0007,0.0124
679,0.0067,0.0018,0.0003,0.0124
680,0.0068,0.0018,0.001,0.0124
681,0.0068,0.0018,0.002,0.0124
682,0.0068,0.0018,0.0023,0.0124
683,0.007,0.0017,0.0023,0.0124
684,0.0071,0.0016,0.0016,0.0124
685,0.007,0.0017,0.0013,0.0124
686,0.0071,0.0017,0.0016,0.0124
687,0.0072,0.0016,0.0023,0.0124
688,0.007,0.0017,0.0016,0.0124
689,0.0071,0.0018,0.0016,0.0124
690,0.0072,0.0017,0.0016,0.0124
691,0.0073,0.0016,0.0026,0.0124
692,0.0072,0.0015,0.0029,0.0124
693,0.0071,0.0017,0.0016,0.0124
694,0.0071,0.0017,0.002,0.0124
695,0.0071,0.0018,0.0016,0.0124
696,0.0071,0.0017,0.0016,0.0124
697,0.007,0.0018,0.0013,0.0124
698,0.0072,0.0017,0.0016,0.0124
699,0.0072,0.0017,0.0013,0.0124
700,0.0072,0.0017,0.001,0.0124
701,0.0072,0.0017,0.0016,0.0124
702,0.0072,0.0016,0.0023,0.0124
703,0.0072,0.0017,0.0016,0.0124
704,0.0072,0.0017,0.0016,0.0124
705,0.0072,0.0017,0.002,0.0124
706,0.0072,0.0016,0.0013,0.0124
707,0.0071,0.0017,0.0007,0.0124
708,0.007,0.0017,0.002,0.0124
709,0.007,0.0016,0.0016,0.0124
710,0.0069,0.0017,0.002,0.0124
711,0.0069,0.0018,0.0013,0.0124
712,0.007,0.0017,0.001,0.0124
713,0.0071,0.0017,0.0016,0.0124
714,0.0072,0.0017,0.0013,0.0137
715,0.0072,0.0016,0.001,0.0137
716,0.0071,0.0016,0.0026,0.0137
717,0.007,0.0017,0.0013,0.0137
718,0.007,0.0016,0.0013,0.0137
719,0.0069,0.0017,0.002,0.0137
720,0.0069,0.0018,0.0007,0.0137
721,0.007,0.0016,0.002,0.0137
722,0.007,0.0016,0.0016,0.0137
723,0.0071,0.0017,0.002,0.0137
724,0.0072,0.0016,0.0029,0.0137
725,0.0071,0.0017,0.0013,0.0137
726,0.0071,0.0018,0.0016,0.0137
727,0.0072,0.0017,0.0016,0.0137
728,0.0072,0.0017,0.0013,0.0137
729,0.0072,0.0017,0.0013,0.0137
730,0.0072,0.0018,0.001,0.0137
731,0.0073,0.0017,0.0016,0.0137
732,0.0074,0.0017,0.0016,0.0137
733,0.0074,0.0017,0.0013,0.0137
734,0.0074,0.0017,0.0029,0.0137
735,0.0074,0.0017,0.0029,0.0137
736,0.0075,0.0018,0.0013,0.0137
737,0.0075,0.0017,0.0016,0.0137
738,0.0074,0.0017,0.0016,0.0137
739,0.0075,0.0017,0.0029,0.0137
740,0.0075,0.0017,0.002,0.0137
741,0.0075,0.0016,0.0016,0.0137
742,0.0074,0.0016,0.002,0.0137
743,0.0072,0.0018,0.002,0.0137
744,0.0073,0.0017,0.0026,0.0137
745,0.0073,0.0017,0.0016,0.0137
746,0.0073,0.0017,0.0016,0.0137
747,0.0074,0.0017,0.0016,0.0137
748,0.0075,0.0017,0.002,0.0137
749,0.0074,0.0018,0.0016,0.0137
750,0.0076,0.0017,0.0029,0.0137
751,0.0076,0.0017,0.0023,0.0137
752,0.0076,0.0017,0.0016,0.0137
753,0.0076,0.0016,0.0023,0.0137
754,0.0075,0.0016,0.0026,0.0137
755,0.0074,0.0016,0.0016,0.0137
756,0.0072,0.0018,0.0016,0.0137
757,0.0073,0.0017,0.002,0.0137
758,0.0074,0.0018,0.0013,0.0137
759,0.0075,0.0017,0.002,0.0137
760,0.0076,0.0017,0.0023,0.0137
761,0.0076,0.0017,0.0026,0.0137
762,0.0076,0.0018,0.002,0.0137
763,0.0076,0.0017,0.002,0.0137
764,0.0077,0.0017,0.002,0.0137
765,0.0078,0.0017,0.0026,0.0137
766,0.0078,0.0017,0.0026,0.0137
767,0.0078,0.0018,0.0016,0.0137
768,0.008,0.0018,0.0023,0.0137
769,0.0079,0.0018,0.0026,0.0137
770,0.008,0.0017,0.0026,0.0137
771,0.008,0.0017,0.0029,0.0137
772,0.008,0.0017,0.0023,0.0137
773,0.0081,0.0017,0.0023,0.0137
774,0.008,0.0017,0.0033,0.0137
775,0.008,0.0016,0.0029,0.0137
776,0.0079,0.0017,0.0023,0.0137
777,0.0081,0.0017,0.0026,0.0137
778,0.0081,0.0017,0.0029,0.0137
779,0.0081,0.0017,0.0029,0.0137
780,0.0081,0.0017,0.002,0.0137
781,0.008,0.0017,0.0029,0.0137
782,0.0079,0.0018,0.0026,0.0137
783,0.0079,0.0018,0.0033,0.0137
784,0.0078,0.0018,0.0023,0.0137
785,0.0078,0.0018,0.0013,0.0137
786,0.0079,0.0016,0.0023,0.0137
787,0.0078,0.0018,0.0029,0.0137
788,0.0078,0.0017,0.002,0.0137
789,0.0079,0.0016,0.002,0.0137
790,0.0078,0.0017,0.0026,0.0137
791,0.0077,0.0018,0.0023,0.0137
792,0.0078,0.0017,0.0023,0.0137
793,0.0078,0.0018,0.0026,0.0137
794,0.0079,0.0018,0.0023,0.0137
795,0.008,0.0017,0.0026,0.0137
796,0.0079,0.0018,0.0026,0.0137
797,0.0079,0.0019,0.0016,0.0137
798,0.008,0.0018,0.0023,0.0137
799,0.008,0.0017,0.0036,0.0137
800,0.0081,0.0017,0.0026,0.0137
801,0.0079,0.0017,0.0026,0.0137
802,0.0079,0.0017,0.002,0.0137
803,0.0078,0.0017,0.0023,0.0137
804,0.0077,0.0018,0.0013,0.0137
805,0.0076,0.0017,0.0029,0.0137
806,0.0076,0.0017,0.0013,0.0137
807,0.0076,0.0018,0.0016,0.0137
808,0.0077,0.0018,0.0016,0.0137
809,0.0079,0.0017,0.0026,0.0137
810,0.0078,0.0018,0.0023,0.0137
811,0.0078,0.0017,0.0026,0.0137
812,0.0078,0.0017,0.0029,0.0137
813,0.0079,0.0018,0.0026,0.0137
814,0.0079,0.0017,0.0026,0.0137
815,0.0079,0.0018,0.0023,0.0137
816,0.0079,0.0018,0.0023,0.0137
817,0.0079,0.0018,0.0016,0.0137
818,0.0079,0.0017,0.0013,0.0137
819,0.0079,0.0017,0.0023,0.0137
820,0.0079,0.0018,0.0026,0.0137
821,0.0079,0.0017,0.0023,0.0137
822,0.0079,0.0018,0.0029,0.0137
823,0.0078,0.0018,0.0026,0.0137
824,0.0078,0.0018,0.002,0.0137
825,0.0079,0.0018,0.0033,0.0137
826,0.008,0.0018,0.0023,0.0137
827,0.0081,0.0017,0.002,0.0137
828,0.0082,0.0018,0.0023,0.0137
829,0.0082,0.0018,0.0029,0.0137
830,0.0083,0.0017,0.0033,0.0137
831,0.008,0.0017,0.0026,0.0137
832,0.008,0.0018,0.002,0.0137
833,0.008,0.0018,0.002,0.0137
834,0.0081,0.0018,0.0023,0.0137
835,0.0081,0.0017,0.0039,0.0137
836,0.0081,0.0018,0.0029,0.0137
837,0.0081,0.0017,0.0029,0.0137
838,0.0081,0.0017,0.0016,0.0137
839,0.0081,0.0017,0.0026,0.0137
840,0.0081,0.0017,0.0033,0.0137
841,0.0081,0.0017,0.0029,0.0137
842,0.0079,0.0017,0.0033,0.0137
843,0.0078,0.0018,0.0026,0.0137
844,0.0078,0.0018,0.0023,0.0137
845,0.0078,0.0018,0.0023,0.0137
846,0.0078,0.0017,0.0023,0.0137
847,0.0078,0.0017,0.0029,0.0137
848,0.0079,0.0018,0.002,0.0137
849,0.008,0.0018,0.0023,0.0137
850,0.0079,0.0019,0.002,0.0137
851,0.0081,0.0018,0.0026,0.0137
852,0.0081,0.0019,0.0029,0.0137
853,0.0082,0.0018,0.0023,0.0137
854,0.0082,0.0018,0.0023,0.0137
855,0.0083,0.0017,0.0026,0.0137
856,0.0083,0.0017,0.0026,0.0137
857,0.0084,0.0017,0.0026,0.0137
858,0.0082,0.0017,0.0029,0.0137
859,0.0081,0.0017,0.0026,0.0137
860,0.0082,0.0016,0.0026,0.0137
861,0.0081,0.0017,0.0026,0.0137
862,0.0082,0.0017,0.002,0.0137
863,0.0081,0.0018,0.0016,0.0137
864,0.0082,0.0017,0.0016,0.0137
865,0.0082,0.0017,0.0026,0.0137
866,0.0082,0.0017,0.0023,0.0137
867,0.0082,0.0017,0.002,0.0137
868,0.0082,0.0017,0.0036,0.0137
869,0.0083,0.0017,0.0026,0.0137
870,0.0082,0.0016,0.0029,0.0137
871,0.008,0.0018,0.0029,0.0137
872,0.008,0.0019,0.0029,0.0137
873,0.0081,0.0017,0.0033,0.0137
874,0.0081,0.0017,0.0036,0.0137
875,0.0081,0.0017,0.0026,0.0137
876,0.0081,0.0018,0.0026,0.0137
877,0.0081,0.0018,0.0036,0.0137
878,0.0082,0.0017,0.0026,0.0137
879,0.0082,0.0017,0.0016,0.0137
880,0.0082,0.0017,0.0029,0.0137
881,0.0082,0.0017,0.0026,0.0137
882,0.0081,0.0017,0.0029,0.0137
883,0.0081,0.0016,0.0029,0.0137
884,0.008,0.0017,0.0026,0.0137
885,0.008,0.0017,0.0033,0.0137
886,0.008,0.0017,0.0023,0.0137
887,0.0079,0.0017,0.0029,0.0137
888,0.008,0.0018,0.0023,0.0137
889,0.008,0.0017,0.0023,0.0137
890,0.0081,0.0017,0.0029,0.0137
891,0.0081,0.0017,0.0023,0.0137
892,0.008,0.0017,0.0029,0.0137
893,0.008,0.0018,0.002,0.0137
894,0.008,0.0017,0.0029,0.0137
895,0.008,0.0017,0.0026,0.0137
896,0.008,0.0017,0.0026,0.0137
897,0.0079,0.0018,0.0026,0.0137
898,0.008,0.0018,0.002,0.0137
899,0.008,0.0018,0.0023,0.0137
900,0.0081,0.0016,0.0033,0.0137
901,0.0079,0.0017,0.002,0.0137
902,0.008,0.0018,0.002,0.0137
903,0.008,0.0017,0.0029,0.0137
904,0.008,0.0018,0.0023,0.0137
905,0.008,0.0017,0.002,0.0137
906,0.0079,0.0018,0.0016,0.0137
907,0.008,0.0017,0.0033,0.0137
908,0.008,0.0018,0.0023,0.0137
909,0.008,0.0018,0.0026,0.0137
910,0.0081,0.0017,0.0033,0.0137
911,0.0081,0.0016,0.0033,0.0141
912,0.008,0.0017,0.0023,0.0141
913,0.0081,0.0016,0.0039,0.0141
914,0.008,0.0017,0.0026,0.0141
915,0.0078,0.0016,0.0029,0.0141
916,0.0078,0.0017,0.0026,0.0141
917,0.0078,0.0017,0.002,0.0141
918,0.0078,0.0017,0.0026,0.0141
919,0.0077,0.0018,0.002,0.0141
920,0.0077,0.0017,0.0026,0.0141
921,0.0078,0.0017,0.002,0.0141
922,0.0077,0.0017,0.0023,0.0141
923,0.0077,0.0017,0.0023,0.0141
924,0.0077,0.0017,0.002,0.0141
925,0.0076,0.0017,0.0026,0.0141
926,0.0076,0.0017,0.0023,0.0141
927,0.0077,0.0017,0.002,0.0141
928,0.0077,0.0017,0.0016,0.0141
929,0.0078,0.0016,0.0026,0.0141
930,0.0077,0.0017,0.0026,0.0141
931,0.0078,0.0016,0.002,0.0141
932,0.0078,0.0016,0.0029,0.0141
933,0.0078,0.0017,0.0023,0.0141
934,0.0078,0.0017,0.0023,0.0141
935,0.0079,0.0017,0.0033,0.0141
936,0.008,0.0018,0.0023,0.0141
937,0.0081,0.0017,0.0026,0.0141
938,0.0082,0.0018,0.0033,0.0141
939,0.0083,0.0018,0.0029,0.0141
940,0.0083,0.0017,0.0029,0.0141
941,0.0082,0.0018,0.0026,0.0141
942,0.0083,0.0017,0.0023,0.0141
943,0.0083,0.0017,0.0026,0.0141
944,0.0084,0.0017,0.0029,0.0141
945,0.0083,0.0016,0.0029,0.0141
946,0.0083,0.0016,0.0036,0.0141
947,0.0082,0.0016,0.0036,0.0141
948,0.0082,0.0017,0.0026,0.0141
949,0.0082,0.0017,0.0026,0.0141
950,0.008,0.0017,0.0026,0.0141
951,0.008,0.0018,0.0026,0.0141
952,0.0082,0.0017,0.0029,0.0141
953,0.0082,0.0017,0.002,0.0141
954,0.0082,0.0016,0.0026,0.0141
955,0.0081,0.0016,0.0036,0.0141
956,0.0081,0.0016,0.0033,0.0141
957,0.008,0.0018,0.002,0.0141
958,0.008,0.0017,0.0023,0.0141
959,0.008,0.0017,0.0026,0.0141
960,0.008,0.0017,0.0026,0.0141
961,0.0081,0.0017,0.0026,0.0141
962,0.0081,0.0016,0.0023,0.0141
963,0.0081,0.0016,0.0029,0.0141
964,0.008,0.0017,0.0029,0.0141
965,0.0081,0.0017,0.002,0.0141
966,0.0081,0.0016,0.0033,0.0141
967,0.0081,0.0017,0.0029,0.0141
968,0.0081,0.0016,0.0036,0.0141
969,0.0079,0.0017,0.0026,0.0141
970,0.008,0.0017,0.0026,0.0141
971,0.0081,0.0017,0.0036,0.0141
972,0.008,0.0018,0.002,0.0141
973,0.0081,0.0017,0.0029,0.0141
974,0.008,0.0016,0.0026,0.0141
975,0.0079,0.0018,0.0026,0.0141
976,0.008,0.0017,0.0029,0.0141
977,0.008,0.0017,0.0016,0.0141
978,0.008,0.0017,0.0029,0.0141
979,0.008,0.0017,0.0023,0.0141
980,0.0081,0.0017,0.0036,0.0141
981,0.0081,0.0017,0.0033,0.0141
982,0.0081,0.0017,0.0026,0.0141
983,0.0082,0.0018,0.0036,0.0141
984,0.0082,0.0017,0.0023,0.0141
985,0.0083,0.0017,0.0026,0.0141
986,0.0083,0.0018,0.0023,0.0141
987,0.0083,0.0018,0.0023,0.0141
988,0.0084,0.0017,0.0029,0.0141
989,0.0084,0.0017,0.0023,0.0141
990,0.0083,0.0017,0.0033,0.0141
991,0.0083,0.0017,0.0026,0.0141
992,0.0082,0.0017,0.0026,0.0141
993,0.0082,0.0018,0.0026,0.0141
994,0.0082,0.0017,0.0023,0.0141
995,0.0081,0.0018,0.0016,0.0141
996,0.0082,0.0017,0.0026,0.0141
997,0.0081,0.0017,0.0039,0.0141
998,0.008,0.0017,0.0029,0.0141
999,0.008,0.0017,0.002,0.0141
1000,0.0081,0.0017,0.0023,0.0141
